Name,Acronym,Billing Street,Billing City,Billing Zip Code,Shipping Street,Shipping City,Shipping Zip Code,BEDS,ORISS Institution ID,NIPSIS,DOE Name
Abraham Joshua Heschel School ,,30 West End Ave,New York,10023,30 West End Ave,New York,,310200228689,800000048206,3669,THE ABRAHAM JOSHUA HESCHEL HIGH SCHOOL
Ach Tov V'Chesed ,,27 Skillman St,Brooklyn,11205,27 Skillman St,Brooklyn,,331400225751,800000063891,14011,ACH TOV V CHESED
Ach Tov V'Chesed ,,39 Chestnut St,Liberty,12754,39 Chestnut St,Liberty,,590901226560,800000092307,,ACH TOV VCHESED
Ach Tov Vchesed ,,33 Chestnut St,Liberty,12754,33 Chestnut St,Liberty,12754,590901226658,800000092856,,
Adolph Schreiber Hebrew Academy of Rockland ,ASHAR,360 New Hempstead Rd,New City,10956,360 New Hempstead Rd,New City,,500402226478,800000039032,,A H SCHREIBER HEBREW ACAD OF ROCKLAN
Ahavas Bais Yaakov ,,235 N Main Street Suite 5,Spring Valley,10977,261 Route 306,Monsey,,500402226663,800000093025,,AHAVAS BAIS YAAKOV
Ahi Ezer Yeshiva ,,2433 Ocean Pkwy,Brooklyn,11235,2433 Ocean Pkwy,Brooklyn,11235,332100227202,800000044046,21684,AHI EZER YESHIVA
Ashira ,,P.O. Box 344,Monsey,10977,200 Summit Park Rd,Spring Valley,10977,500402229896,800000055926,,BAIS YAAKOV D'RAV HIRSCH
Ateres Bais Yaakov Academy of Rockland ,,200 Summit Park Rd,Spring Valley,10977,200 Summit Park Rd,New Hempstead,,500402229697,800000055925,,ATERES BAIS YAAKOV ACAD OF ROCKLAND
Ateres Chaya School ,ACM,432 E 92nd St,Brooklyn,11212,432 E 92nd St,Brooklyn,,331800226302,800000089593,18032,ATERES CHAYA
Avir Yakov Addison Boyce ,,766 N Main St,Spring Valley,10977,32 Addison Boyce Dr,New City,10956,500402226347,800000074253,,
Avir Yakov Boys School ,,766 N Main St,Spring Valley,10977,91 Washington Ave,New Square,10977,500402226345,800000039045,,
Avir Yakov Elementary ,,766 N Main St,Spring Valley,10977,103 Clinton Lane,Spring Valley,10977,500402226346,800000070491,,
Avir Yakov Middle ,,766 N Main St,Spring Valley,10977,26 Benzion Dunner Dr,Spring Valley,10977,500402226348,800000070492,,
Avir Yakov Tiferes Yosef ,,766 N Main St,Spring Valley,10977,766 N Main St,Spring Valley,10977,500402226799,800000093786,,
Bais Binyomin Academy ,,51 Carlton Rd,Monsey,10952,51 Carlton Rd,Monsey,10952,500402226276,800000089223,,
Bais Brocho D'Karlin Stolin ,,4314 10th Ave,Brooklyn,11219,4314 10th Ave,Brooklyn,11219,331500228974,800000045047,15705,BAIS BROCHO OF KARLIN STOLIN
Bais Brocho D'Karlin Stolin High School ,,4310 10th Ave,Brooklyn,11219,4310 10th Ave,Brooklyn,,331500226489,800000091482,,BAIS BROCHO D'KARLIN STOLIN HIGH SCHOOL
Bais Brocho of Spring Valley ,,P.O. Box 1046,Monsey,10952,83 Highview Rd,Suffern,10901,500401226752,800000093542,,
Bais Chana Malka ,,P.O. Box 1099,Monsey,10952,185 N Main St,Spring Valley,10977,500402225586,800000060143,,
Bais Chinuch Ateres Bno ,,681 Chestnut Ridge Rd-bldg 5 & 6,Chestnut Ridge,10977,681 Chestnut Ridge Rd-bldg 5 & 6,Chestnut Ridge,10977,500402226490,800000091485,,
Bais Chinuch Ateres Bno ,,P.O. Box 337,Monsey,10952,185 N Main St-1st Fl,Spring Valley,10977,500402226246,800000088204,,
Bais Chinuch Toras Emachu ,,116 College Rd,Monsey,10952,116 College Rd,Monsey,10952,500402226504,800000091727,,
Bais Esther School ,,1363 50th St,Brooklyn,11219,1353 50th St,Brooklyn,11219,332000228908,800000044273,20739,BAIS ESTHER SCHOOL
Bais Esther School 2 ,,2143 65th St,Brooklyn,11204,2143 65th St,Brooklyn,,332000226359,800000090333,20016,BAIS ESTHER SCHOOL 3
Bais Esther School 3 ,,945 39th St,Brooklyn,11219,945 39th St,Brooklyn,11219,331500226378,800000077275,15691,BAIS ESTHER SCHOOL 2
Bais Esther School 4 ,,1363 50th St,Brooklyn,11219,1363 50th St,Brooklyn,,332000226428,800000090638,20072,BAIS ESTHER SCHOOL 4
Bais Malka ,,P.O. Box 977,Monsey,10952,48 Grandview Avenue,Spring Valley,10977,500402229623,800000038996,,CONG BAIS MALKA
Bais Rochel D'Satmar ,,414 Flushing Ave,Brooklyn,11249,76 Rutledge,Brooklyn,,331400225510,800000059765,14010,KHHD YOEL OF SATMAR OF BORO PARK
Bais Rochel School of Boro Park ,,5301 14th Ave,Brooklyn,11219,5301 14th Ave,Brooklyn,11219-3945,332000207910,800000044310,20808,BAIS RUCHEL SCHOOL
Bais Ruchel D'Satmar - Marcy ,,76 Rutledge St,Brooklyn,11249,227 Marcy Avenue,Brooklyn,11211,331400226495,800000091538,14025,Bais Ruchel D'Satmar - Marcy
Bais Ruchel D'Satmar BR1 ,,88 Sanford St,Brooklyn,11205,88 Sanford St,Brooklyn,,331300227040,800000060028,13660,BAIS RUCHEL D''SATMAR
Bais Ruchel D'Satmar BR3 ,,762 Wythe Ave,Brooklyn,11211,762 Wythe Ave,Brooklyn,,331400227041,800000060030,14663,CENTRAL UNITED TALMUDICAL ACADEMY
Bais Ruchel D'Satmar Girls Annex ,,96 Sandford St,Brooklyn,11205,96 Sanford St,Brooklyn,,331300226574,800000092310,13048,BIAS RUCHEL DSATMAR BR1 GIRLS ANNEX
Bais Ruchel High School of Williamsburg ,,177 Harrison Ave,Brooklyn,11206,177 Harrison Ave,Brooklyn,,331400226207,800000085971,14004,BAIS RUCHEL HIGH SCHOOL
Bais Sarah ,,6101 16th Ave,Brooklyn,11204,6101 16th Ave,Brooklyn,11204,332000229590,800000044233,20869,BAIS SARAH SCHOOL
Bais Shifra ,,1469 45th St,Brooklyn,11219,1681 42nd St,Brooklyn,,332000226183,800000084406,20005,BAIS SHIFRA
Bais Shifra Miriam ,,P.O. Box 682,Monsey,10952,70 Highview Rd,Monsey,,500402229299,800000039012,,BAIS SHIFRA MIRIAM
Bais Simcha ,,1051 59th St,Brooklyn,11219,1051 59th St,Brooklyn,,332000229376,800000044241,,Zichron Yehuda-Bais Simcha
Bais Trany of Monsey ,,P.O. Box 870,Monsey,10977,185 N Main St,Monsey,,500402225496,800000059467,,BAIS TRANY OF MONSEY
Bais Tziporah Elementary ,,1449 39th St,Brooklyn,11218,1449 39th St,Brooklyn,,332000228436,800000044285,20656,BAIS TZIPORAH
Bais Tziporah High School ,,1410 39th St,Brooklyn,11218,1410 39th St,Brooklyn,,332000226435,800000090694,,Bais Tziporah High School
Bais Yaakov Academy ,,1213 Elm Ave,Brooklyn,11230,1213 Elm Avenue,Brooklyn,11230,332100227824,800000044050,21760,BAIS YAAKOV ACADEMY
Bais Yaakov Ateres Miriam ,BYAM,1214 Heyson Rd,Queens,11691,1214 Heyson Road,Queens,11691,342700226221,800000087003,27001,BAIS YAAKOV ATERES
Bais Yaakov Ateres Miriam HS ,,111 Irving Pl,Woodmere,11598,111 Irving Pl,Woodmere,11598,280214226813,800000093831,,
Bais Yaakov Chofetz Chaim of Pomona ,,P.O. Box 704,Pomona,10970,44 Camp Hill Rd,Pomona,,500402229084,800000039020,,BAIS YAAKOV CHOFETZ CHAIM-POMONA
Bais Yaakov D'Chassidei Gur ,,1975 51st St,Brooklyn,11204,1975 51st St,Brooklyn,,332000228651,800000044289,21707,BAIS YAAKOV D'CHASSIDEI GUR
Bais Yaakov D'Gur High School ,,1975 51st St,Brooklyn,11204,1975 51st St,Brooklyn,,332000228915,800000044274,21003,BAIS YAAKOV D'GUR HIGH SCHOOL
Bais Yaakov D'Khal Adas Yereim High School ,,505 Bedford Ave,Brooklyn,11211,505 Bedford Ave,Brooklyn,,331400207091,800000045269,14665,YESHIVA JESODA HATORA #2
Bais Yaakov D'Rav Meir H.S. ,BYDRM,85 Parkville Ave,Brooklyn,11230,85 Parkville Ave,Brooklyn,,332000226893,800000044319,20835,BETH JACOB DAY SCHOOL
Bais Yaakov Elem School of Rockland ,,14 Horton Dr,Monsey,10952,681 Chestnut Ridge Rd,Spring Valley,10977,500402226104,800000075113,,
Bais Yaakov Faigeh Schonberger of Adas Yereim ,,1169 43rd St,Brooklyn,11219,1169 43rd St,Brooklyn,,331500229003,800000043817,15761,BAIS YAKOV ADAS YEREIM HIGH SCHOOL
Bais Yaakov High School of Spring Valley ,,11 Smolley Dr,Monsey,10952,11 Smolley Dr,Monsey,,500402227568,800000039040,,BAIS YAAKOV HS OF SPRING VALLEY
Bais Yaakov of 18th Avenue ,,4419 18th Ave,Brooklyn,11204,4419 18th Avenue,Brooklyn,11204,332000228679,800000044276,20728,BAIS YAAKOV OF 18TH AVENUE
Bais Yaakov of Bensohurst ,,1401 39 St,Brooklyn,11228,3901 14th Ave,Brooklyn,,332000226229,800000087724,20712,YESHIVA KETANA OF BENSONHURST
Bais Yaakov of Pomona ,,83 Highview Rd,Suffern,10901,83 Highview Rd,Suffern,10901,500401226667,800000093044,,
Bais Yaakov of Queens ,,12450 Metropoolitan Ave,Queens,11415,124-50 Metropolitan Ave,Queens,,342800226480,800000042667,28720,BAIS YAAKOV ACADEMY FOR GIRLS
Bais Yaakov of Ramapo ,,16 Herschel Terr,Monsey,10952,984 Haverstraw Rd,Monsey,10952,500401229384,800000039002,,BAIS YAAKOV OF RAMAPO
Bais Yaakov of South Fallsburg ,,5478 State Rte 42,Fallsburg,12733,5478 State Rte 42,Fallsburg,12733,590501226076,800000070471,,
Bais Yaakov of the Five Towns ,,15 Frost Ln,Lawrence,11559,25 Frost Ln,Lawrence,,280215226664,800000093026,,BAIS YAAKOV OF THE FIVE TOWNS
Bais Yaakov of the Lower East Side ,,142 Broome St,New York,10002,142 Broome St,New York,10002,310100227822,800000048457,1817,BETH JACOB ELEMENTARY SCHOOL
Bais Yaakov Shiras Miriam ,,89 W Maple Ave,Monsey,10952,89 West Maple Ave,Monsey,10952,500402226384,800000090322,,BAIS YAAKOV SHIRAS MIRIAM
Bais Yakov D'Khal Yereim ,,184 Nostrand Ave,Brooklyn,11205,184 Nostrand Ave,Brooklyn,,331300207236,800000045270,13094,BAIS YAKOV DKHAI ADAD YEREIM
Bais Yehuda ,,72 Main St,Monsey,10952,710 Union Rd,Spring Valley,,500402229966,800000057299,,BAIS YEHUDA
Bais Yisroel School ,,P.O. Box 406,Kiamesha Lake,12751,213 Gibber Rd,Kiamesha Lake,12751,591401229948,800000056551,,BAIS YISROEL SCHOOL
Bais Yitzchak School ,,1413 45th St,Brooklyn,11219,1413 45th St,Brooklyn,,332000227520,800000044315,20840,BIAS YITZCHAK SCHOOL
Barkai Yeshivah ,,5302 21st Ave,Brooklyn,11204,5302 21st Ave,Brooklyn,,332100229811,800000044016,21677,BARKAI YESHIVA
Bas Mikroh Girls School ,,28 W Maple Ave,Monsey,10952,381 Viola Rd,Spring Valley,,500402229085,800000039021,,BAS MIKROH
Be'er Hagolah Elementary ,,671 Louisiana Ave,Brooklyn,11239,671 Louisiana Ave,Brooklyn,11239-1514,331900228395,800000034239,19715,BEER HAGOLAH INSTITUTE HIGH SCHOOL
Be'er Hagolah High School ,,671 Louisiana Ave,Brooklyn,11239,671 Louisiana Ave,Brooklyn,11239,331900228604,800000044044,,Be'er Hagolah Institute High School
Beikvei Hatzoin ,,31 Division Ave,Brooklyn,11249,31 Division Ave,Brooklyn,,331400229075,800000045234,14762,BEIKVEI HATZOIN
Beis Chaya Mushka ,,1505 Carroll St,Brooklyn,11213,1505 Carroll St,Brooklyn,,331700229743,800000044772,17625,CONGREGATION YESHIVA BEIS CHAYA MUSHKA
Beit Rabban Day School ,,270 W 89th St,New York,10024,270 W 89th St,New York,,310300229306,800000047363,3709,Beit Rabban Day School
Bet Yaakov Ateret Torah Elementary ,,2166 Coney Island Ave,Brooklyn,11223,2166 Coney Island Ave,Brooklyn,11223,332100229099,800000044039,21805,BET YAAKOV ATERET TORAH
Bet Yaakov Ateret Torah High School ,,2166 Coney Island Ave,Brooklyn,11223,2166 Coney Island Ave,Brooklyn,,332100229256,800000044042,21789,BET YAKOV ATERET TORAH HIGH SCHOOL
Bet Yaakov Mekor Haim ,,1647-1649 East 13th St,Brooklyn,11229,1647-1649 East 13th St,Brooklyn,11229,332100226781,800000093701,,
Bet Yaakov Orot Sarah ,,1123 Ave N,Brooklyn,11230,1123 Ave N-Apt 2B,Brooklyn,,332100229599,800000044027,21900,BET YAAKOV OHR SARAH HS
Beth Chana ,,712 Bedford Ave,Brooklyn,11206,712 Bedford Ave,Brooklyn,11206,331400226885,800000045240,14774,BETH CHANA SCHOOL AND HIGH SCHOOL FOR GIRLS
Beth Jacob High School ,,4422 15th Ave,Brooklyn,11219,4420 15th Ave,Brooklyn,,332000206898,800000044308,20727,BETH JACOB HIGH SCHOOL
Beth Jacob of Boro Park ,,1371 46th St,Brooklyn,11219,1371 46th St,Brooklyn,,332000226486,800000044318,20729,BETH JACOB OF BORO PARK
Beth Miriam Leah ,,194 Division St,Brooklyn,11211,5 S Nitra Rd,Mount Kisco,10549,662402226292,800000089603,,
Beth Rachel School for Girls ,,82 Lee Ave,Brooklyn,11211,241 Keap St,Brooklyn,,331400227203,800000045251,14740,UNITED TALMUDICAL ACADEMY
Beth Rachel School For Girls 60 ,,60 Harrison Ave,Brooklyn,11211,60 Harrison Ave,Brooklyn,,331400226638,800000092678,14040,BETH RACHEL SCHOOL FOR GIRLS 68
Beth Rachel School for Girls 720 ,,128 Rutledge Street,Brooklyn,11249,720 Wythe Ave,Brooklyn,11211,331400226374,800000045074,,United Talmudical Academy
Beth Rachel School Girls 68 ,,68 Harrison Ave,Brooklyn,11026,68-84 Harrison Ave,Brooklyn,,331400226444,800000045075,14966,BETH RACHEL SCHOOL FOR GIRLS
Beth Rivkah Elementary School ,,470 Lefferts Ave,Brooklyn,11225,470 Lefferts Ave,Brooklyn,11225,331700226524,800000034223,17703,BETH RIVKAH SCHOOL
Beth Rivkah High School ,,310 Crown St,Brooklyn,11225,310 Crown St,Brooklyn,,331700207384,800000044764,17702,ASSOCIATED BETH RIVKAH SCHOOL
Beth Rochel School - Girls ,,P.O. Box 302,Monsey,10952,145 Saddle River Rd,Monsey,10952-3913,500402226680,800000039038,,BETH ROCHEL SCHOOL-GIRLS
Big Apple Institute Inc ,,2937 86th St,Brooklyn,11223,2937 86th St,Brooklyn,11223,332100229485,800000043812,,
Big Apple Institute Site 2 ,,503 Lake St,Brooklyn,11223,503 Lake St,Brooklyn,11223,332100226349,800000056156,,
Blima Ruchel Girls-bobov Monsey ,,P.O. Box 87,Monsey,10952,116 College Rd,Monsey,10952,500402226762,800000093559,,
Bnai Yoel School # 38 ,,P.O. Box 255,Monroe,10950,20 Bnai Yoel Dr,Monroe,,441201229273,800000040306,,CONGREGATION BNEI YOEL SCHOOL #38
Bnei Yakov Yosef of Monsey - Site 2 ,,201 W Maple Ave,Monsey,10952,201 W Maple Ave,Monsey,10952,500402226305,800000089676,,
Bnei Yakov Yosef of Monsey ,,P.O. Box 727,Spring Valley,10977,23 Union Rd,Spring Valley,,500402225674,800000060636,,BNEI YAKOV YOSEF OF MONSEY
Bnei Yoel School #156 ,,P.O. Box 255,Monroe,10949,156 Acres Rd,Monroe,10950,441201226419,800000040328,,
Bnei Yoel School #22 ,,P.O. Box 255,Monroe,10949,22 Bnai Yoel Dr,Monroe,10949,441201226437,800000090708,,
Bnos Aliya ,,120 W 76th St,New York,10023,120 W 76th St,New York,,310300226209,800000086004,3036,GAN ALLIYA MONTESSORI
Bnos Bais Yaakov of Far Rockaway ,BBY,613 Beach 9th St,Queens,11691,613 Beach 9th St,Queens,11691,342700228636,800000042829,27804,BNOS BAIS YAAKOV OF FAR ROCKAWAY
Bnos Chana Vien ,,61 College Rd,Monsey,10952,61 College Rd,Monsey,10952,500402226317,800000089830,,
Bnos Chaya - Site 2 ,,471 N Gannon Ave,Staten Island,10314,471 N Gannon Ave,Staten Island,,353100226476,800000091360,31098,CONGREGATION BNOS CHAYA
Bnos Chaya ,,4511 14th Ave,Brooklyn,11219,4511 14th Ave,Brooklyn,,332100226100,800000074914,20762,BNOS CHAYA
Bnos Chaya III ,,4502 14th Ave,Brooklyn,11219,4511 14th Avenue,Brooklyn,11219,332000226543,800000092313,20025,CONGREGATION BNOS CHAYA II
Bnos Chaya- Brooklyn 2 ,,4511 14th Ave,Brooklyn,11219,4622 14th Ave,Brooklyn,11219,332000226817,800000093862,,
Bnos Chayil ,,345 Hewes St,Brooklyn,11211,345 Hewes St,Brooklyn,,331400229323,800000045229,14963,BNOS CHAYIL
Bnos Chayil ,,345 Hewes St,Brooklyn,11211,382 Willoughby Ave,Brooklyn,11205,331300226646,800000092721,,
Bnos Chomesh Academy ,,588 Brooklyn Ave,Brooklyn,11203,540 E New York Ave,Brooklyn,,331700225979,800000060466,17029,BNOS CHOMESH
Bnos Derech Yisroel ,,P.O. Box 432,Monsey,10956,900 Route 45,Monsey,10952,500402226163,800000083784,,BNOS DERECH YISROEL OF MONSEY
Bnos Esther Malka ,,1784 E 17th St,Brooklyn,11229,1784 E 17th St,Brooklyn,,332200226263,800000088604,,BNOS ESTHER MALKA
Bnos Esther of Pupa ,,P.O. Box 978,Monsey,10952,246 N Main St,Spring Valley,,500402229565,800000038993,,BNOS ESTHER PUPA
Bnos High School ,,100 Route 59,Suffern,10901,100 Route 59,Suffern,,500401226641,800000092684,,BNOS OF MONSEY
Bnos Leah Prospect Park of Monsey ,,315 N Main St,New City,10956,315 N Main St,New City,,500101226405,800000090430,,BNOS LEAH PROSPECT PARK OF MONSEY
Bnos Malka Academy ,,7102 113th St,Queens,11375,71-02 113th St,Queens,11375,342800225513,800000043004,28709,BNOS MALKA ACADEMY
Bnos Margulia Viznitz ,,971 41st St,Brooklyn,11219,971 41st St,Brooklyn,,331500226079,800000043998,15886,BNOS MARGULIA VIZNITZ
Bnos Menachem ,,739 E New York Ave,Brooklyn,11203,739 E New York Ave,Brooklyn,,331700229779,800000044792,17790,"BNOS MENACHEM, INC"
Bnos Nitra ,,53 Walton St,Brooklyn,11206,53 Walton St,Brooklyn,,331400226396,800000090337,14003,BNOS NITRA  (TALMUD TORAH D'NITRA)
Bnos Peninim ,,1601 42nd St,Brooklyn,11204,1601 42nd St,Brooklyn,11204,332000226722,800000093352,,
Bnos Perel ,,1312 59th St,Brooklyn,11219,1312 59th St,Brooklyn,,332000226665,800000093040,20073,BNOS PEREL
Bnos Spinka Boys School ,,799 Kent Ave,Brooklyn,11205,799 Kent Ave,Brooklyn,,331400225735,800000059932,14002,BNOS SPINKA BOYS
Bnos Square of Williamsburg ,,382 Willoughby Ave,Brooklyn,11205,165 Spencer Street,Brooklyn,11205,331400229999,800000057622,13694,BNOS SQUARE OF WILLIAMSBURG
Bnos Square of Williamsburg 2 ,,P.O. Box 60659,Brooklyn,11206,80 Skillman St,Brooklyn,,331400226442,800000090752,14013,BNOS SQUARE OF WILLIAMSBURG 2
Bnos Visnitz - 15 Elyon ,,P.O. Box 446,Monsey,10952,15 Elyon Rd,Monsey,10952,500402226367,800000038981,,BNOS VISNITZ - 15 ELYON
Bnos Visnitz - 229 Maple ,,P.O. Box 446,Monsey,10952,229 Maple Ave,Monsey,10952,500402226370,800000083405,,
Bnos Visnitz - 230 Maple ,,P.O. Box 446,Monsey,10952,230 Maple Ave,Monsey,10952,500402226371,800000083406,,
Bnos Viznitz - 1 School Terrace ,,P.O. Box 446,Monsey,10952,1 School Ter,Monsey,10952,500402226369,800000038982,,BNOS VISNITZ - 1 SCHOOL TERRACE
Bnos Yaakov ,,2710 Ave X,Brooklyn,11235,2710 Ave X,Brooklyn,,332200226005,800000066494,22007,CONGREGATION BNOS YAAKOV
Bnos Yaakov ,,274 Keap St,Brooklyn,11211,274 Keap St,Brooklyn,,331400226352,800000090362,14799,YESHIVA KEHILATH YAKOV
Bnos Yakov of Boro Park ,,638 Bedford Ave,Brooklyn,11218,1402 40th St,Brooklyn,,332000229010,800000044250,20711,BNOS YAKOV OF BORO PARK
Bnos Yakov School of Williamsburg ,,62 Harrison Ave,Brooklyn,11211,62-68 Harrison Ave,Brooklyn,,331400226899,800000045241,14780,BNOS YAKOV SCHOOL FOR GIRLS
Bnos Yerushalayim Belz ,,600 Mcdonald Ave,Brooklyn,11218,600 Mcdonald Ave,Brooklyn,,332000228527,800000044288,20798,BNOS JERUSALEM D'CHASIDEI BELZ
Bnos Yisroel of Flatbush ,,1629 E 15th St,Brooklyn,11229,1629 East 15th Street,Brooklyn,11229,332100227245,800000044047,21770,B'NOS ISRAEL OF EAST FLATBUSH
Bnos Zion of Bobov ,,5000 14th Ave,Brooklyn,11219,5000 14th Ave,Brooklyn,,332000227819,800000044298,20844,BNOS ZION OF BOBOV
Bnos Zion of Bobov Monsey ,,13 Crest Ct,Monsey,10952,13 Crest Ct,Monsey,10952,500402226233,800000088045,,
Bnot Chaya Academy ,,1932 Coney Island Ave,Brooklyn,11230,1012 Ave I,Brooklyn,,332100225735,800000063651,21808,Bnot Chaya Academy
Bnot Rachel High School ,,1950 E 7th St,Brooklyn,11223,1950 E 7th St,Brooklyn,,332100229830,800000043996,,
Bnot Yaakov of Great Neck ,,150 Hicks Ln,Great Neck,11024,5 Old Mill Rd-2nd Fl,Great Neck,,280407226328,800000090001,,BNOT YAAKOV
Bobover Yeshiva Bnei Zion - 15th Ave / Gan Day Care Center ,,4206 15th Ave,Brooklyn,11219,4206-10 15th Ave,Brooklyn,,332000226900,800000034150,20715,Bobover Yeshiva Bnei Zion (15th Ave) Gan Day Care Center
Bobover Yeshiva Bnei Zion - 38th St ,,1149 38th St,Brooklyn,11218,1149 38th St,Brooklyn,,331500226470,800000091327,15013,BOBOVER YESHIVA BNEI ZION IIII
Bobover Yeshiva Bnei Zion - 47 ,,1360 36th St,Brooklyn,11218,1360 36th St,Brooklyn,,331500226409,800000082523,15117,BOBOVER YESHIVA BNEI ZION
Bobover Yeshiva of Monsey ,,88 Grove Street,Monsey,10952,230 Viola Rd,Monsey,10952-3609,500402225550,800000059910,,BOBOVER YESHIVA OF MONSEY
Bonim Lamokom ,,425 E 9th St,Brooklyn,11218,425 E 9th St,Brooklyn,,332200229867,800000043795,22566,BONIM LAMOKOM
Brandeis Hebrew Academy ,,25 Frost Ln,Lawrence,11559,25 Frost Lane,Lawrence,11559,280215217122,800000049487,,BRANDEIS SCHOOL (THE)
Central UTA of Monsey - Boys ,,P.O. Box 355,Monsey,10952,13-15 Monsey Blvd,Monsey,10952,500402226201,800000084363,,
Central UTA of Monsey - Girls ,,236 Cherry Ln,Airmont,10952,236 Cherry Ln,Airmont,10952,500401226135,800000077703,,
Central UTA of Monsey ,,236 Cherry Ln-bldg 2,Monsey,10952,236 Cherry Ln-bldg 2,Monsey,10952,500401226758,800000093555,,
Chabad Academy of the Arts and Sciences ,,212-12 26th Ave,Queens,11360,212-12 26th Ave,Queens,,342600225967,800000064953,26674,CHABAD ACADEMY OF THE ARTS & SCIENCES
Chabad Girls Academy ,,823 Eastern Pkwy,Brooklyn,11213,823 Eastern Parkway,Brooklyn,11213,331700226465,800000091329,17031,CHABAD GIRLS ACADEMY
Chabad Girls Academy High - Lubavitch Sparks HS ,,580 Crown Street Apt 606,Brooklyn,11225,506 E New York Ave,Brooklyn,11213,331700226749,800000093521,,
Cheder at the Ohel ,,322 N Corona Ave,Valley Stream,11580,322 N Corona Ave,Valley Stream,11580,280213225541,800000059895,,
Cheder Bardichev ,,186 Saddle River Rd,Airmont,10952,186 Saddle River Rd,Airmont,10952,500402226639,800000092679,,
Cheder Be'er Yeshaya ,,4 Campbell Ave,Suffern,10901,4 Campbell Ave,Suffern,,500401226312,800000089703,,CHEDER BE'ER YESHAYA
Cheder Chabad of Monsey - Preschool & Girls ,,P.O. Box 1164,Brooklyn,10952,25 S Monsey Rd,Airmont,,500402226341,800000055863,,CHEDER CHABAD OF MONSEY
Cheder Chabad of Monsey ,,P.O. Box 1164,Monsey,10952,228 New Hempstead Rd,New City,,500402226661,800000093020,,Cheder Chabad of Monsey
Chedvas Hatorah ,,6 Perth Ave,Spring Valley,10977,4 N Main St,Spring Valley,10977,500402226650,800000092748,,
Clap By Encore - 400 Caswell Ave ,,400 Caswell Ave,Staten Island,10314,400 Caswell Ave,Staten Island,10314,353100226808,800000093824,,
Clap By Encore - 4310 10th Ave ,,4310 10th Ave,Brooklyn,11219,4310 10th Ave,Brooklyn,11219,331500226807,800000093823,,
Clap By Encore - 4500 9th Ave ,,4500 9th Ave,Brooklyn,11219,4500 9th Ave,Brooklyn,11219,331500226809,800000093825,,
Clap By Encore - 5004 14th Ave ,,5004 14th Ave,Brooklyn,11219,5004 14th Ave,Brooklyn,11219,332000226810,800000093826,,
Clap By Encore - 5301 14th Ave ,,5301 14th Ave,Brooklyn,11219,5301 14th Ave,Brooklyn,11219,332000226811,800000093827,,
Congregration Talmud Torah Imrei Bin ,,P.O. Box 934,Monsey,10952,244 Viola Rd,Monsey,10952,500402226294,800000089596,,
Darkei Avos Sanz of BP ,,1177 48th St,Brooklyn,11219,1177 48th St,Brooklyn,,332000226250,800000088463,20009,CONGREGATION DARKEI AVOS SANZ OF BP
Darkei Avos Sanz of BP ,,1167 48th St,Brooklyn,11219,1167 48th St,Brooklyn,11219,332000226796,800000093779,,
Darkei Chaim ,,1270 52nd St,Brooklyn,11219,1017 45th St,Brooklyn,,331500226008,800000066496,15014,DARKEI CHAIM
Darkei Chaim ,,1318 43rd St,Brooklyn,11219,1318 43rd St,Brooklyn,,332000226763,800000093561,15014,DARKEI CHAIM
DARKEI TSHIVO OF DINOV ,,77 Wallabout St,Brooklyn,11249,77 Wallabout St,Brooklyn,,331400226020,800000067131,,
Davis Renov Stahler Yeshiva High School for Boys ,DRS,700 Ibsen St,Woodmere,11598,700 Ibsen St,Woodmere,,280215229602,800000055900,,DAVIS RENOV STAHLER YESHIVA HS -BOYS
Derech Hatorah of Rochester ,,71 Maiden Ln,Rochester,14616,71 Maiden Lane,Rochester,14616,260501225023,800000058234,,DERECH HATORAH OF ROCHESTER
Divrei Chaim ,,61 Carlton Rd,Monsey,10952,61 Carlton Rd,Monsey,10952,500402226307,800000089683,,
Educational Institute Oholei Torah - Elementary ,,667 Eastern Pkwy,Brooklyn,11213,667 Eastern Pky,Brooklyn,,331700227690,800000044766,17828,EDUC INST-OHOLEI TORAH
Educational Institute Oholei Torah - Mesivta ,,555 Remsem Ave,Brooklyn,11236,417 Troy Ave,Brooklyn,,331700226494,800000044787,18043,EDUC INST OHOLEI TORAH MESIVTA
Eisek Hatorah D'Rachmistrivka ,,8101 Ave K,Brooklyn,11236,8101 Ave K,Brooklyn,,331800226147,800000081857,,EISEK HATORAH D'RACHMISTRIVK
Elite Academy of Science & Technology ,EAST,2115 Benson Ave,Brooklyn,11214,2115 Benson Ave,Brooklyn,,332100225340,800000059260,20555,ELITE H.S.
Emet Classical Academy ,,127 E 82nd St,New York,10028,127 E 82nd St,New York,,310200226743,800000093485,,EMET CLASSICAL ACADEMY
Emunas Bais Yaakov High School ,,4403 15th Avenue Suite 535,Brooklyn,11219,1462 62nd St,Brooklyn,11219,332000226659,800000092862,20074,EMUNAS BAIS YAKOV
Ezra Academy ,,11945 Union Tpke 3rd Floor,Queens,11375,119-45 Union Tpke,Queens,,342800227503,800000042644,28815,EZRA ACADEMY
Gan Academy ,,440 Crown St,Brooklyn,11213,440 Crown St,Brooklyn,,331700226429,800000090639,17030,GAN ACADEMY
Gan Academy Linden ,,623 Linden Blvd,Brooklyn,11203,623 Linden Blvd,Brooklyn,,331800226651,800000092774,18042,GAN ACADEMY
Gan Aliya ,,131 W 86th St,New York,10024,131 W 86th St,New York,,310300226461,800000091335,3037,Gan Aliya
Gan Yisroel ,,3909 15th Ave,Brooklyn,11218,3909 15th Ave,Brooklyn,,332000229822,800000044212,20887,GAN YISROEL ( GIRLS)
Gan Yisroel Girls ,,13 Church Ave,Brooklyn,11218,13 Church Ave,Brooklyn,,331500226466,800000062151,15854,GAN YISROEL
Ganeinu Academy ,,64-41 Utopia Pkwy,Queens,11367,64-41 Utopia Pkwy,Queens,,342600226509,800000091877,26779,JEWISH INSTITUTE OF QUEENS BOYS MIDDLE AND HIGH SC
Gerer Yeshiva Mesivta Bais Yisroel ,,5407 16th Ave,Brooklyn,11204,5407 16th Ave,Brooklyn,,332000228239,800000044281,,Gerer Yeshiva/Mesivta Bais Yisroel
Hadar Bet Yaakov ,,193-10 Peck Ave,Queens,11365,193-10 Peck Ave,Queens,,342600226595,800000092471,26022,HADAR BET YAAKOV
Hadran Academy ,,860 E27th St,Brooklyn,11210,4419 13th Ave,Brooklyn,11210,332000226500,800000091730,20022,HADRAN ACADEMY
HAFTR High School ,HAFTR,635 Central Ave,Cedarhurst,11516,635 Central Ave,Cedarhurst,11516,280215227930,800000049470,75710,Hebrew Academy of Five Town - HAFTA HIGH SCHOOL
HAFTR Lower School ,HAFTR,33 Washington Ave,Lawrence,11559,33 Washington Ave,Lawrence,11559,280215227128,800000049488,75775,HEBREW ACADEMY-LOWER SCHOOL      (HAFTR)
HAFTR Middle School ,HAFTR,44 Frost Ln,Lawrence,11559,44 Frost Lane,Lawrence,11559,280215229704,800000049478,,HAFTR MIDDLE SCHOOL
Hamaspik School ,,926 Bedford Ave,Brooklyn,11205,926 Bedford Ave,Brooklyn,11205,331400226594,800000092464,,
Hannah Senesh Community Day School ,,342 Smith St,Brooklyn,11231,342 Smith St,Brooklyn,,331500209521,800000045063,15684,HANNAH SENESH COMM SCHOOL
Hebrew Academy for Spec Chldrn ,HASC,1318 60th St,Brooklyn,11219,321 Woodmere Blvd,Woodmere,,280215226406,800000049454,18709,
Hebrew Academy for Special Children: School Age Program ,HASC,1318 60th St,Brooklyn,11219,6220 14th Ave,Brooklyn,,332000227132,800000044293,20915,Hebrew Academy of Special Children
Hebrew Academy of Long Beach - Lower/Middle Schools ,HALB,523 Church Ave,Woodmere,11598,523 Church Avenue,Woodmere,11581,280215226621,800000049203,,HEBREW ACADEMY OF LONG BEACH
Hebrew Academy of Nassau County ,HANC,240 Hempstead Ave,West Hempstead,11552,240 Hempstead Ave,West Hempstead,,280227227943,800000049288,,HEBREW ACADEMY OF NASSAU
Hebrew Academy of Nassau County Middle School ,HANC,215 Oak St,Uniondale,11553,215 Oak St,Uniondale,,280202227573,800000049742,75711,HEBREW ACADEMY OF NASSAU
Hebrew Academy of the Capital District ,HACD,100 Academy Rd Suite 100,Albany,12208,100 Academy Rd Suite 100,Albany,,10100216559,800000055380,,HEBREW ACADEMY-CAPITAL DISTRICT
Hebrew Day School of Sullivan & Ulster Counties ,HDS,P.O. Box 239,Kiamesha Lake,12751,4718 State Rt 42,Kiamesha Lake,,591401226474,800000036586,,HEBREW DAY SCHOOL-SULLIVAN & ULSTER
Hebrew Institute for the Deaf and Exceptional Children ,HIDEC,1401 Ave I,Brooklyn,11230,1401 Ave I,Brooklyn,,332000227506,800000044314,,Hebrew Inst - Deaf
Hillel Academy of Broome County ,,4737 Deerfield Pl,Vestal,13850,4737 Deerfield Pl,Vestal,,31601227054,800000054870,,HILLEL ACADEMY
Hillel Community Day School ,,191 Fairfield Dr,Rochester,14620,191 Fairfield Dr,Rochester,,260101226476,800000034052,,HILLEL COMMUNITY DAY SCHOOL
Hychel Hatorah ,,70 Franklin Ave,Brooklyn,11205,70 Franklin Ave,Brooklyn,,331400229829,800000045224,14001,Hychel Hatorah Of Williamsburg
Ichud Mosdos Monticello ,,34 North St,Monticello,12701,34 North St,Monticello,12701,591401226672,800000093027,,
Ichud Mosdos Monticello ,,P.O. Box 697,Monticello,12701,10 Hamilton Ave,Monticello,12701,591401226684,800000093039,,
Ichud Mosdos Monticello Inc ,,34 North St,Monticello,12701,18 Landfield Ave,Monticello,12701,591401226800,800000093787,,
IVDU Elementary School ,,1301 E 18th St,Brooklyn,11230,1301 E 18th St,Brooklyn,,332100226446,800000090772,21894,IVDU ELEMENTARY SCHOOL
IVDU Long Island ,,410 Hungry Harbor Rd,Valley Stream,11581,410 Hungry Harbor Rd,Valley Stream,,280214226330,800000090006,75021,IVDU LONG ISLAND
IVDU Schools ,,11 Broadway 13th Fl,Brooklyn,11230,1244 E 7th St,Brooklyn,,332100229813,800000043794,21871,IVDU UPPER SCHOOL
Jewish Center For Special Education ,,1760 53rd St,Brooklyn,11204,1760 53rd St,Brooklyn,,332000226061,800000045239,20792,JEWISH CENTER FOR SPECIAL EDUCATION
Jewish Foundation School ,JFS,400 Caswell Ave,Staten Island,10314,400 Caswell Avenue,Staten Island,10314,353100227017,800000041879,31734,JEWISH FOUNDATION SCHOOL
Jewish Institute of Queens Boys Middle and High School ,JIQ,64-41 Utopia Parkway,New York,11373,60-05 Woodhaven Blvd,Queens,,342800229926,800000056198,28770,JEWISH INSTITUTE OF QUEENS
Kesser Bais Yakov ,,681 Chestnut Ridge Rd Bldg 4 Wing a,Spring Valley,10977,681 Chestnut Ridge Rd Bldg 4 Wing a,Spring Valley,10977,500402226456,800000091338,,
Kesser Malka ,,1275 36th St,Brooklyn,11218,1275 36 St,Brooklyn,,331500206787,800000093724,,
Khal Yereim Yesh Bais Hillel ,,P.O. Box 119,Monsey,10952,100 College Ave-Fls 1-2,Monsey,,500402226151,800000060134,,CONG KHAL YEREIM YESH BAIS HILLEL
Kinneret Day School ,,2600 Netherland Ave,Bronx,10463,2600 Netherland Ave,Bronx,10463,321000206859,800000046121,10807,KINNERET DAY SCHOOL
Kochavim ,,5314 16th Ave-ste 292,Brooklyn,11204,3909 15th Ave,Brooklyn,11218,332000226546,800000092299,,
Koifer Nefesh ,,P.O. Box 1288,Monsey,10952,70 Highview Rd,Monsey,10952,500402225721,800000062973,,
Kolel Chasidei Rachministrivka ,,P.O. Box 284,Monsey,10901,97 Highview Rd,Suffern,,500401226004,800000060506,,CONG KOLEL CHASIDEI RACHMISTRIVKA
Kolel Chasidei Rachmist ,,97 Highview Rd,Suffern,10901,86 Highview Rd,Suffern,10901,500401226706,800000093191,,
Kolel Chasidei Rachmistrivika ,,93 Highview Rd,Suffern,10901,93 Highview Rd,Suffern,10901,500401226345,800000090326,,
Kulanu Academy ,,620 Central Ave,Cedarhurst,11516,620 Central Ave,Cedarhurst,,280215225246,800000058996,,KULANU ACADEMY
Legadel ,,12 Maple Leaf Rd,Monsey,10952,681 Chestnut Ridge Rd-bldg 1 Wing B,Spring Valley,10977,500402226608,800000092673,,
Lev Bais Yaakov ,,3574 Nostrand Ave,Brooklyn,11229,3574 Nostrand Ave,Brooklyn,,332200229795,800000043793,22616,LEV BAIS YAAKOV-ELEMENTARY
Long Island Hebrew Academy ,LIHA,122 Cuttermill Rd,Great Neck,11021,122 Cuttermill Road,Great Neck,11021,280407229720,800000049045,75071,Long Island Hebrew Academy
Lubavitcher High School ,,841-853 Ocean Pkwy,Brooklyn,11230,841-853 Ocean Pky,Brooklyn,,332100207932,800000044065,,Lubavitcher HS
Lubavitcher School Chabad ,ULY,841 Ocean Pkwy,Brooklyn,11230,841 Ocean Pky,Brooklyn,,332100206938,800000044064,21854,LUBAVITCHER SCHOOL CHABAD
Luria Academy of Brooklyn ,,235 St Marks Ave,Brooklyn,11238,235 St Marks Ave,Brooklyn,,331300225748,800000063791,13875,LURIA ACADEMY OF BROOKLYN
Machna Shalva - 2 ,,1362 49th St,Brooklyn,11219,1362 49th St,Brooklyn,,331800226277,800000089224,18009,CONGREGATION MACHNA SHALVA
Machna Shalva ,,1462 62nd St,Brooklyn,11219,1462 62nd St,Brooklyn,,332000225453,800000059295,20875,CONGREGATION MACHNA SHALVA
Machna Shalva II ,,1318 43rd St # 20,Brooklyn,11219,4018 15th Ave,Brooklyn,,332000226380,800000059479,20893,CONGREGATION MACHNA SHALVA
Machna Shalva IV ,,1362 49th St,Brooklyn,11219,1362-49 St,Brooklyn,,332000226381,800000059907,20894,CONGREGATION MACHNA  SHALVA
Machna Shalva V ,,5815 20th Ave,Brooklyn,11204,5815 20th Ave ,Brooklyn,,332000226383,800000060597,21984,CONGREGATION MACHNA SHALVA
Machzikei Hadas of Belz ,,P.O. Box 57,Monsey,10977,3 N Cole Ave,Spring Valley,,500402228547,800000039015,,CONG MACHZIKEI HADAS OF BELZ
Magen David Yeshivah Elementary ,,2130 Mcdonald Ave,Brooklyn,11223,2130 Mcdonald Ave,Brooklyn,,332100226924,800000044053,,
Magen David Yeshivah HS ,CELIA,7801 Bay Pkwy,Brooklyn,11214,7801 Bay Pky,Brooklyn,,332100229088,800000044024,21771,MAGEN DAVID YESHIVA
Magen Ephraim Sephardic Academy ,MESA,150 Hicks Ln,Great Neck,11024,150 Hicks Lane,Great Neck,11024,280407226666,800000093019,,MAGEN EPHRAIM SEPHARDIC ACADEMY
Magen Israel - Gan Israel Center ,,175 Community Drive - Northside,Great Neck,11021,175 Community Drive,Great Neck,11023,280406226313,800000089710,75042,Magen Israel -Gan Israel Center
Maimonides Hebrew Day School ,,404 Partridge St,Albany,12208,404 Partridge St,Albany,,10100208496,800000055638,,MAIMONIDES HEBREW DAY SCHOOL
Manhattan Day School ,MDS,310 W 75th St,New York,10023,310 W 75th St,New York,,310300226796,800000047384,3785,MANHATTAN DAY SCHOOL
Manhattan High School For Girls ,MHS,154 E 70th St,New York,10021,154 E 70th St,New York,,310200229438,800000048207,2714,MANHATTAN HIGH SCHOOL FOR GIRLS
Marilyn David IVDU Upper Boys School ,,1760 53rd St,Brooklyn,11230,1760 53rd St,Brooklyn,11230-3520,332000226416,800000090477,20012,IVDU UPPER SCHOOL
Masores Bais Yaakov ,,1395 Ocean Ave,Brooklyn,11230,1395 Ocean Ave,Brooklyn,11230,332200229244,800000043808,22853,MASORES BAIS YAAKOV ELEMENTARY SCHOOL
Masores Bais Yaakov High School ,,1395 Ocean Ave,Brooklyn,11230,1395 Ocean Ave,Brooklyn,,332200225688,800000060937,,Masores Bais Yaakov High School
Mazel Day School FREE ,FREE,60 West End  Ave,Brooklyn,11235,60 West End Ave-4th Fl,Brooklyn,,332100225701,800000061351,21861,MAZEL DAY SCHOOL (F.R.E.E.)
Mercaz Academy ,,25 Country Dr,Plainview,11803,25 Country Dr,Plainview,,280504226647,800000092720,,MERCAZ ACADEMY
Mercaz Hatorah of Belle Harbor ,,505 Beach 129th St,Queens,11694,5-05 Beach 129th,Queens,11694,342700229329,800000042834,27012,MERCAZ HATORAH OF BELLE HARBOR
Merkaz Bnos High School ,,1400 W 6th St,Brooklyn,11204,1400 W 6th St,Brooklyn,,332000229276,800000044246,21792,MERKAZ BNOS HIGH SCHOOL
Merkaz The Center ,,1739 Ocean Ave,Brooklyn,11230,1739 Ocean Ave,Brooklyn,,332200226524,800000092069,22042,MERKAZ - THE CENTER INC.
Mesifta Beth Shraga ,,P.O. Box 412,Monsey,10952,28 Saddle River Rd,Monsey,10952,500402206673,800000039027,,MESIFTA BETH SHRAGA
Mesifta Ohr Hatalmud ,,701 Blooming Grove Tpke,New Windsor,12553,701 Blooming Grove Turpk,New Windsor,,441600229607,800000038995,,CONGREGATION MESIFTA OHR HATALMUD
Mesifta Torah Temimah ,,555 Ocean Pkwy,Brooklyn,11218,555 Ocean Pky,Brooklyn,,332100226500,800000044052,22860,YESHIVA TORAH TEMIMAH
Mesifta Vyoel Moshe ,,5301 14th Ave,Brooklyn,11219,960 49th St,Brooklyn,,332000225437,800000044272,20813,UNITED TALMUDICAL ACADEMY
Mesilas Bais Yaakov ,,420 19th St,Brooklyn,11215,420 19th St,Brooklyn,,331500226123,800000076533,15633,MESILAS  BAIS YAAKOV
Mesivta & Yeshiva Gedolah of Manhattan Beach ,,59 West End Ave,Brooklyn,11235,59 W End Ave,Brooklyn,,332100229679,800000044015,21835,Mesivta & Yesh. Gedolah Of Manhattan Beach
Mesivta Ahavas HaTorah ,,720 Union Rd,Monsey,10977,720 Union Road,Spring Valley,10977,500402226129,800000076793,,MESIVTA AHAVAS HATORAH
Mesivta Ateres Yaakov of Greater Long Island ,,131 Washington Ave,Lawrence,11559,131 Washington Ave,Lawrence,,280215226038,800000049514,,MESIVTA ATERES YAAKOV-GR LONG ISLAND
Mesivta Bais Aaron Tzvi Veretzky ,,1249 E 18th St,Brooklyn,11230,1102 Ave L,Brooklyn,11230,332100229120,800000044041,21688,CONGREGATION OHR SHRAGA D'VERETZKY
Mesivta Beis Halevi ,,22 Horton Dr,Monsey,10952,4 N Main St,Spring Valley,10977,500402226683,800000093032,,
Mesivta Eitz Chaim ,,P.O. Box 453,Brooklyn,11219,1577 48th St,Fallsburg,,590501226769,800000093688,,
Mesivta Kesser Yisroel of Willowbrook ,,278 Harold St,Staten Island,10314,240 Woodward Ave,Staten Island,,353100225463,800000059319,,Mesivta Kesser Yisroel of Willowbrook
Mesivta Lev Temimim Lubavitch ,,17 Blueberry Hill Rd,Monsey,10952,50 Mountain Ave,Monsey,,500402226798,800000093785,,MESIVTA OF MONSEY
Mesivta Maamar Mordechai ,,113 Maple Ave,Monsey,10977,113 Maple Ave,Spring Valley,,500402225056,800000058238,,MESIVTA MAAMAR MORDECHAI
Mesivta Meor Yitzchok Inc. ,,P.O. Box 942,Monsey,10952,65 Dykstras Way E,Monsey,,500402226784,800000093714,,MEOR YITZCHOK
Mesivta Nesivos Hatalmud ,,1228 36th St,Brooklyn,11218,1228 36th St,Brooklyn,,332200226549,800000092298,15856,MESIVTA NESIVOS  HATALMUD
Mesivta Netzach Hatorah ,,111 Irving Place,Woodmere,11598,650 Broadway,Cedarhurst,,280215226491,800000091505,75049,Mesivta Netzach Hatorah
Mesivta of Yeshiva D'monsey ,,14 Roman Blvd,Monsey,10952,14 Roman Blvd,Monsey,10952,500402226134,800000077418,,
Mesivta Orchos Yosher ,,681 Chestnut Ridge Rd,Chestnut Ridge,10977,681 Chestnut Ridge Rd,Chestnut Ridge,10977,500402226779,800000093698,,
Mesivta Shaarei Chaim ,,716 Beach 9th St,Queens,11691,716 Beach 9th St,Queens,,342700226097,800000074413,,Mesivta Shaarei Chaim
Mesivta Shaarei Pruzdor ,MSPLB,1000 Rosedale Rd,Valley Stream,11581,410 Hungry Harbor Rd,Valley Stream,,280214226338,800000090330,,MESIVTA SHAAREI PRUZDOR
Mesivta Sholom Schachna ,,129 Elmwood Ave,Brooklyn,11230,401 Elmwood Ave,Brooklyn,,332000225438,800000059290,,Mesivta Sholom Schachna
Mesivta Tiferes Mordechi ,,50 Mountain Ave,Monsey,10952,50 Mountain Ave,Monsey,10952,500402226723,800000093351,,
Mesivta Toras Moshe ,,1110 Beach 9th St,West Hempstead,11552,1 Cedar Lawn Ave,Queens,11691,280215226474,800000091362,,MESIVTA TORAS MOSHE
Mesivta Veretzky ,,1102 Ave L,Brooklyn,11230,1249 East Ave 18 St,Brooklyn,,332100226336,800000056148,21874,BAIS ARON TZVI VERETZKY
Mesivta Yeshiva Rabbi Chaim Berlin ,,1585 Coney Island Ave,Brooklyn,11230,1585 Coney Island Avenue,Brooklyn,11230,332100206993,800000055832,21887,MESIVTA HIGH SCHOOL
Mesivta Yesodei Yeshurun ,,141-51 71st Ave,Queens,11367,141-51 71 Ave,Queens,11367,342800229507,800000042652,25742,MESIVTA YESODEI YESHURUN
Mesivtah Meor Hatorah ,,1069 38th St,Brooklyn,11219,1069 38th St,Brooklyn,,332200226139,800000077805,,
Mesivtah Meor Hatorah ,,1069 38th St,Brooklyn,11219,300 Mcdonald Ave,Brooklyn,,332000226515,800000091917,,
Mesivtha Tifereth Jerusalem ,MTJ,145 E Brdway,New York,10002,145 E Broadway,New York,,310200226798,800000048229,2737,MESIVTA TIFERETH JERUSALEM
Mesorahs Miriam ,,900 Rte 45,New City,10956,900 Rte 45,New City,10956,500402226768,800000093566,,
Mevakshai Torah ,,841 Ocean Pkwy,Brooklyn,11230,841 Ocean Parkway,Brooklyn,11230,332200226299,800000089601,22008,YESHIVAS MEVAKSHAI TORAH
Midrash L'Man Achai High School ,,1244 Bay Park Place,Queens,11691,9730 Queens Blvd,Queens,,342800225720,800000042655,28751,MIDRASH L'MAN ACHAI HIGH SCHOOL
Mill Basin Yeshiva Academy ,MBYA,6363 Ave U,Brooklyn,11234,6363 Avenue U,Brooklyn,11234,332200226487,800000043838,22664,TALMUD TORAH OF CROWN HEIGHTS YESHIVA
Mirrer Yeshiva ,,1791 Ocean Pkwy,Brooklyn,11223,1791 Ocean Parkway,Brooklyn,11223,332200228238,800000043841,21725,MIRRER YESHIVA EDUCATIONAL INSTITUTE
Mirrer Yeshiva High School ,,1791 Ocean Pkwy,Brooklyn,11223,1795 Ocean Pky,Brooklyn,11223,332200226926,800000043857,21837,MIRRER YESHIVA HIGH SCHOOL
Monsey Beis Chaya Mushka ,,27 S Monsey Rd,Monsey,10952,25-27 S Monsey Rd,Monsey,,500402225708,800000061448,,MONSEY BEIS CHAYA MUSHKA-HIGH SCHOOL
Mosdos Chasidei Square - Boro Park ,,1373 43rd St,Brooklyn,11219,1373 43rd St,Brooklyn,,332000228244,800000044282,20800,MOSDOS SQUARE
Mosdos Chasidei Square ,,105 Heyward St,Brooklyn,11206,105 Heyward St,Brooklyn,,331400227886,800000045238,14712,MOSDOS CHASIDEI SQUARE
Mosdos Koloshits ,,P.O. Box 113,Monsey,10952,99 Highview Rd,Suffern,10901,500401226792,800000093761,,
Mosdos Sanz Klausenberg of Monsey - Site 2 ,,P.O. Box 242,Monsey,10977,8 Eckerson Ln,Spring Valley,,500402226298,800000082223,,MOSDOS SANZ KLAUSENBURG OF MONSEY 
Mosdos Sanz Klausenburg of Monsey ,,P.O. Box 242,Tallman,10982,5 Gibbs Ct,Monsey,10952,500402229806,800000038975,,
Mosdos Sanz Klausenburg-monsey ,,P.O. Box 242,Tallman,10982,86 Highview Rd,Suffern,10901,500401226726,800000093349,,
Mosdos Sanz of Monsey ,,50 Slinn Ave,Spring Valley,10977,50 Slinn Ave,Spring Valley,10977,500402226156,800000083503,,
Mosdos Satmar BP ,,507 Ocean Pkwy,Brooklyn,11218,507 Ocean Pkwy,Brooklyn,,332000226126,800000076754,20843,MOSDOS SATMAR
Mosdos Satmar BP Girls Elementary ,,4109 16th Ave,Brooklyn,11204,6202 14th Ave,Brooklyn,,332000226457,800000091339,20854,
Mosdos Satmar BP School for Girls ,,4615  14th Avenue,Brooklyn,11219,4421 15th Ave,Brooklyn,11219-2610,332000226385,800000085243,20843,MOSDOS SATMAR BP SCHOOL FOR GIRLS
Mosdos Satmar of Bloomingburg ,,P.O. Box 176,Bloomingburg,12721,14 Yd Goldberger Ln,Bloomingburg,12721,440401226287,800000089461,,
Mosdos Satmar of Bloomingburg ,,P.O. Box 176,Bloomingburg,12721,36 Yd Goldberger Ln,Bloomingburg,12721,440401226688,800000093038,,
Mosdos Satmar of Bloomingburg ,,P.O. Box 176,Bloomingburg,12721,78 Yd Goldberger Ln,Bloomingburg,12721,440401226760,800000093557,,
Nefesh Academy ,,2005 E 17th St,Brooklyn,11229,2005 E 17th St,Brooklyn,,332200229577,800000043814,22787,NEFESH ACADEMY
Neshomah ,,107 Seven Springs Rd-#101,Monroe,10950,107 Seven Springs Rd-#101,Monroe,10950,441201226324,800000089938,,
Nesivos Bais Yaakov ,,1021 45th St,Staten Island,11218,622 Foster Ave,Brooklyn,,332200225005,800000057939,22013,NESIVOS BAIS YAAKOV
NESIVOS BAIS YAAKOV II ,,1334 Ocean Pkwy,Brooklyn,11230,1334 Ocean Pkwy,Brooklyn,,332100226424,800000059929,21020,NESIVOS BAIS YAAKOV II
North Shore Hebrew Academy Elementary School ,NSHA,16 Cherry Ln,Great Neck,11024,16 Cherry Ln,Great Neck,11024-1146,280407226636,800000049040,,NORTH SHORE HEBREW ACADEMY
North Shore Hebrew Academy High School ,NSHA,400 N Service Rd,Great Neck,11020,400 N Service Rd,Great Neck,,280407229810,800000049046,,NORTH SHORE HEBREW ACAD HIGH SCH
North Shore Hebrew Academy Middle School ,NSHA,26 Old Mill Rd,Great Neck,11023,26 Old Mill Rd,Great Neck,,280407226438,800000090729,,NORTH SHORE HEBREW ACADEMY MS
Ohel Elozer ,,263 Classon Ave Apt 4B,Brooklyn,11205,263 Classon Ave Apt 4B,Brooklyn,,331400225670,800000058150,,Ohel Elozer
Oholei Menachem of Rockland ,,3 Basswood Dr,Lakewood,08701,4 North Main St,Spring Valley,10977,500402226783,800000093703,,
Ohr Chadash of Monsey ,,136 Conklin Rd,Pomona,10970,136 Conklin Rd,Pomona,10970,500402226425,800000090563,,
Ohr Hatorah Monsey ,,23 Robert Pitt Dr,Monsey,10952,681 Chestnut Ridge Rd,Chestnut Ridge,10977,500402226662,800000093042,,
Ohr Menachem ,,1729 President St,Brooklyn,11213,1729 President St,Brooklyn,,331700225617,800000060462,28797,YESHIVA GEDOLA LUBAVITCH
Ohr Menachem II ,,1717 President St,Brooklyn,11213,1717 President St,Brooklyn,,331700226450,800000061216,,Congregation Ohr Menachem
Ohr Shlomo Yeshiva High School ,,1049 E 15th St,Brooklyn,11230,1049 East 15th St,Brooklyn,,332100226774,800000093693,21066,
Ohr Temimim ,,411 John James Audubon Pkwy,Amherst,14228,411 John James Audubon Pkwy,Amherst,,140203229522,800000053038,,JEWISH HERITAGE DAY SCHOOL
Ohr V'Daas RISE ,,972 Chestnut Ridge Rd,Monsey,10977,972 Chestnut Ridge Rd,Spring Valley,,500402229315,800000038999,,ROCKLAND INST FOR SPEC EDUC
Ohr Yeshua ,,230 Viola Rd,Monsey,10952,230 Viola Rd,Monsey,10952,500402226819,800000093887,,
Ohr Yosef of Rockland County ,,8 Chelsea Lane,Spring Valley,10977,681 Chestnut Ridge Rd,Spring Valley,10977,500402226350,800000090332,,OHR YOSEF OF ROCKLAND COUNTY
Olam Hatora ,,230 Maple Ave,Monsey,10952,230 Maple Ave,Monsey,10952,500402226728,800000093347,,
Ora Academy ,,139 Winton Rd South,Rochester,14610,139 Winton Road South,Rochester,14610,261600229557,800000050548,,ORA ACADEMY
Pathway Study Center Inc ,,1305 Coney Island Ave,Brooklyn,11230,1305 Coney Island Ave,Brooklyn,,332100226160,800000083584,21001,PATHWAY STUDY CENTER
Pe'er Bais Yaakov ,,133 Route 59,Monsey,10952,607 Rt 306,Suffern,,500402226293,800000089597,,CONGREGATION PE'ER BAIS YAAKOV
Peer Hatorah ,,1997 E 7th St,Brooklyn,11223,1997 E 7th St,Brooklyn,11223,332100226748,800000093520,,
Pp Monsey Inc ,,2 Skyline Dr,Thiells,10984,235 N Main St,Spring Valley,10977,500402226770,800000093689,,
Prospect Park Bnos Leah High School ,,1601 Ave R,Brooklyn,11229,1601 Avenue R,Brooklyn,11229,332200226488,800000043839,22740,PROSPECT PARK BNOS LEAH HIGH SCHOOL
Prospect Park Bnos Leah Yeshiva ,,1784 E 17th St,Brooklyn,11229,1784 East 17th St ,Brooklyn,,332200227462,800000043833,22725,PROSPECT PARK YESHIVA
Queens Cheder MRM ,,173-53 Croydon Rd,Queens,11432,173-53 Croydon Rd,Queens,,342900226735,800000093425,29074,QUEENS CHEDER MRM
Queens Hebrew Academy ,SSDS,76-16 Parsons Blvd,Queens,11366,76-16 Parsons Boulevard,Queens,11366,342500217123,800000043147,25720,SOLOMON SCHECHTER SCHOOL OF QUEENS
Rabbi Arthur Schneier Park East Day School ,,164 E 68th St,New York,10065,164 E 68th St,New York,10065,310200228218,800000048231,2666,RABBI ARTHUR SCHNEIER PK EA DA
Rabbi Jacob Joseph School for Girls ,RJJ,400 Caswell Ave,Staten Island,10314,6101 16th Ave,Brooklyn,10314,353100229000,800000041881,31739,RABBI JACOB JOSEPH FOR GIRLS
Rabbinical Seminary of America High School ,,7601 147th St,Queens,11367,76-01 147th St,Queens,,342500226479,800000042666,25818,MESIVTA CHOFETZ CHAIM
Ramapo Cheder ,,681 Chestnut Ridge Rd,Spring Valley,10977,681 Chestnut Ridge Rd,Spring Valley,10977,500402226656,800000092839,,
Ramapo Cheder ,,334 Spook Rock Rd,Suffern,10901,334 Spook Rock Rd,Suffern,10901,500401226455,800000091346,,
Ramaz Lower School ,,125 E 85th St,New York,10028,125 E 85th St,New York,,310200228605,800000048205,2751,RAMAZ LOWER SCHOOL
Ramaz Middle School ,,114 E 85th St,New York,10028,114 E 85th St,New York,,310200229740,800000048208,2871,RAMAZ MIDDLE SCHOOL
Ramaz Upper School ,,60 E 78th St,New York,10075,60 E 78th St,New York,,310200227467,800000048230,2764,RAMAZ UPPER SCHOOL
Rambam Mesivta ,,284 Mott Ave,Lawrence,11559,284 Mott Ave,Lawrence,,280215229372,800000049472,75850,RAMBAM MESIVTA-MAIMONIDES HIGH SCHOOL
Rodeph Sholom Day School ,,168 W 79th St,New York,10024,10 W 84th St,New York,,310300227929,800000047361,3751,RODEPH SHOLOM ELEMENTARY DIVISION
Salanter Akiba Riverdale Academy ,,89 Bon Air Ave,Brooklyn,10804,1326 Ocean Parkway,Brooklyn,,321000226424,800000046107,10716,SALANTER AKIBA RIVERDALE ACADEMY
SAR High School ,,503 W 259th St,Bronx,10471,503 W 259th St,Riverdale,,321000229954,800000056642,10686,SAR HIGH SCHOOL
Sara Marie School ,,942 Route 146,Clifton Park,12065,942 Route 146,Clifton Park,12065,520302996103,800000075114,,
Schechter School of Long Island - Upper ,,6 Cross St,Williston Park,11596,6 Cross St,Williston Park,,280410219458,800000049896,,SOLOMON SCHECHTER ELEMENTARY-MIDDLE
Sha'arei Zion Ohel Bracha Girls ,,75-24 Grand Central Pkwy,Queens,11375,75-24 Grand Central Pkwy,Queens,,342800229850,800000042642,28664,TIFERET TZION
Shaarei Arazim of Monsey ,,50 Bridle Road,Spring Valley,10977,201 Rte 306,Spring Valley,10977,500402229816,800000034242,,SHAAREI ARAZIM OF MONSEY
Shaarei Torah of Rockland ,,91 Carlton Rd W,Monsey,10901,91 W Carlton Rd,Suffern,,500402207407,800000039028,,SHAAREI TORAH OF ROCKLAND
Shalsheles Bais Yaakov ,,4001 16th Ave,Brooklyn,11218,4001 16th Ave,Brooklyn,,332000229340,800000044240,20001,SHALSHELES HIGH SCHOOL
Shema Kolainu-Hear Our Voices ,,4302 New Utrecht Ave,Brooklyn,11219,4302 New Utrecht Ave,Brooklyn,,331500229762,800000044210,15879,Shema Kolainu - Hear Our Voices
Sheri Torah - 5 Yd ,,5 Yd Goldberger Dr,Monroe,10950,5 Yd Goldberger Dr,Monroe,10950,441201226759,800000093556,,
Sheri Torah - Bb ,,P.O. Box 2027,Monroe,10949,27 Chevron Rd,Monroe,10950,441201226555,800000092303,,
Sheri Torah - Bg ,,P.O. Box 2027,Monroe,10949,58 Fort Worth Pl,Blooming Grove,10914,441201226681,800000093045,,
Sheri Torah Forest ,,509 Forest St,Monroe,10950,509 Forest St,Monroe,10950,441201226467,800000091331,,
Sheri Torah Goldberger ,,3 Yd Goldberger Dr,Monroe,10950,3 Yd Goldberger Dr,Monroe,10950,441201226402,800000090385,,
Sheri Torah Larkin ,,5 Buchanan Ct-ste 111,Monroe,10950,23-25 Larkin Dr,Monroe,10950,441201229930,800000056207,,
Sheri Torah Lizensk ,,P.O. Box 2027,Monroe,10949,12 Lizenski Blvd,Monroe,10950,441201226531,800000092088,,
Shevach High School ,,75-09 Main St,Queens,11367,75-09 Main St,Queens,,342500208524,800000043146,25724,SHEVACH HIGH SCHOOL
Shulamith High School for Girls ,,155 Franklin Place,Woodmere,11598,158 Irving Pl,Woodmere,,280214226687,800000093028,,SHULAMITH HIGH SCHOOL FOR GIRLS
Shulamith School for Girls ,,305 Cedarhurst Ave,Cedarhurst,11516,305 Cedarhurst Avenue,Cedarhurst,11516,280215226230,800000087723,,SHULAMITH SCHOOL FOR GIRLS
Silverstein Hebrew Academy ,,117 Cuttermill Rd,Great Neck,11021,117 Cuttermill Rd,Great Neck,,280407229998,800000057616,,SILVERSTEIN HEBREW ACADEMY
Silverstein Hebrew Academy Middle ,,117 Cuttermill Rd,Great Neck,11021,150 Hicks Lane,Great Neck,11024,280407226516,800000091929,,
Sinai Academy ,,2025 79th St,Brooklyn,11214,2025 79th Street,Brooklyn,11214,332000229112,800000044256,21858,SINAI ACADEMIC CENTER
SINAI School at SAR ,,655 W 254th St,Bronx,10471,655 W 254th St,Bronx,,321000226395,800000090318,,SINAI - SPECIAL NEEDS INSTITUTE
Special Torah Education Program ,STEP,2555 Nostrand Ave,Brooklyn,11210,2555 Nostrand Ave,Brooklyn,,332200229642,800000044218,22795,STEP -SPEC.TORAH EDU. PROGRAM
Staten Island Hebrew Academy ,,3495 Richmond Rd,Staten Island,10306,3495 Richmond Rd,Staten Island,,353100226208,800000085970,31033,STATEN ISLAND HEBREW ACADEMY
Stein Yeshiva of Lincoln Park ,,287 Central Park Ave,Yonkers,10704,287 Central Park Ave,Yonkers,,662300229082,800000034631,75779,Stein Yeshiva of Lincoln Park
Stella K. Abraham High School for Girls ,SKA,291 Meadowview Ave,Hewlett,11557,291 Meadow View Ave,Hewlett,,280214229421,800000055797,75575,Stella K Abraham
Syracuse Hebrew Day School ,,5655 Thompson Rd,Dewitt,13214,5655 Thompson Rd,Dewitt,,420411226658,800000041063,,SYRACUSE HEBREW DAY SCHOOL
Talmidei Mesivta Tiferes Shmiel Aleksander ,,1535 63rd St,Brooklyn,11219,1637 62nd St,Brooklyn,,332000226218,800000085103,,CONGREGATION TALMIDEI MESIVTA TIFERES SHMIEL ALEKSANDER
Talmud Torah & Yeshiva Imrei Chaim Viznitz ,,1824 53rd St,Brooklyn,11204,1824 53rd St,Brooklyn,,332100228850,800000044019,21644,TALMUD TORAH IMREI CHAIM VIZ
Talmud Torah Bais Yechiel School ,,Pinesbridge Rd,Mount Kisco,10549,15 S Nitra Rd,Mount Kisco,,662402226291,800000089602,,TALMUD TORAH BETH YECHIEL
Talmud Torah Bobov ,,P.O. Box 870,Monsey,10977,49 S Main St,Spring Valley,,500402225047,800000058275,,TALMUD TORAH BOBOV MONSEY
Talmud Torah Bobov-girls ,,265 Route 306,Monsey,10952,265 Route 306,Monsey,10952,500402226400,800000060556,,
Talmud Torah D'Chasidei Gur ,,1364 42nd St,Brooklyn,11219,6301 12th Ave,Brooklyn,,332000226331,800000090005,20010,TALMUD TORAH D'CHASSIDEI GUR
Talmud Torah D'Nitra ,,1005-07 Bedford Ave,Brooklyn,11205,1005-07 Bedford Ave,Brooklyn,,331300229955,800000056652,13625,TALMUD TORAH D'NITRA
Talmud Torah D'Nitra ,,265 Marcus Garvey Blvd,Brooklyn,11221,265 Marcus Garvey Blvd,Brooklyn,,331300226482,800000091394,16008,TALMUD TORAH D'NITRA
Talmud Torah Darkei Avos - Monsey ,,235 N Pascack Rd,Spring Valley,10977,235 N Pascack Rd,Spring Valley,10977,500402226272,800000088987,,
Talmud Torah Drabeinu Yoel ,,5301 14th Ave,Brooklyn,11219,5411 Fort Hamilton Pkwy,Brooklyn,,332000229159,800000044244,20772,TALMUD TORAH D'RABINU
Talmud Torah Imrei Burech ,,P.O. Box 406,Kiamesha Lake,12751,169 Barnes Blvd,Kiamesha Lake,,591401229947,800000056532,,TALMUD TORAH IMREI BURECH
Talmud Torah Khal Adas Yereim ,,33 Union Rd,Monsey,10977,33 Union Rd,Spring Valley,,500402229103,800000039024,,TALMUD TORAH KHAL ADAS YEREIM
Talmud Torah Lelov ,,1472 56th St,Brooklyn,11219,1472 56th Street,Brooklyn,11219,332200226511,800000091882,20020,CONGREGATION LELOV DBA TALMUD TORAH
Talmud Torah Machna Shalva ,,1315 43rd St,Brooklyn,11219,1315  43rd St,Brooklyn,,332000226379,800000059478,20897,CONGREGATION MACHNA SHALVA
Talmud Torah Mevakshai Hashem ,,550 Ocean Pkwy,Brooklyn,11218,550 Ocean Pkwy,Brooklyn,,332200226044,800000061568,20876,TALMUD TORAH MEVAKSHAI HASHEM
Talmud Torah Ohel Yochanan ,,1325 38th St,Brooklyn,11218,1325 38th St,Brooklyn,,332200229972,800000057375,15869,TALMUD TORAH OHEL YOCHANAN
Talmud Torah Ohr Moshe ,,1774 58th St,Brooklyn,11204,1774 58th St,Brooklyn,,332000225465,800000060060,20871,TALMUD TORAH OHR MOSHE
Talmud Torah Siach Yitzchok ,,1045 Beach 9th St,Queens,11691,1045 Beach 9th St,Queens,11691,342700228893,800000042830,27852,TALMUD TORAH SIACH YITZCHOK
Talmud Torah Tashbar ,,128 Franklin Ave,Brooklyn,11205,128 Franklin Ave,Brooklyn,,331400229671,800000045218,14612,TALMUD TORAH TASHBAR
Talmud Torah Tiferes Yechiel ,,4109 16th Ave,Brooklyn,11204,4109 16th Ave,Brooklyn,11204,332100226806,800000093822,,
Talmud Torah Tiferes Yechiel D'Aleksander ,,3909 15th Ave,Brooklyn,11218,3909 15th Ave,Brooklyn,,332000226197,800000085867,20008,TALMUD TORAH TIFERES YECHIEL DALEKSANDER
Talmud Torah Tzemach Tzadik Viznitz ,,87 Wallabout St,Brooklyn,11249,77-87 Wallabout St,Brooklyn,,331400226027,800000068013,14883,Talmud Torah Tzemach Tzarik Viznitz
Talmudical Institute of Upstate NY ,TIUNY,769 Park Ave,Rochester,14607,769 Park Ave,Rochester,,261600227875,800000050547,,TALMUDICAL INST OF UPSTATE NY
Tamim Academy ,,170 W 97th St,New York,10025,170 W 97th St,New York,,310300226596,800000092479,,Tamim Academy of New York City
The Cheder ,,1938 53rd St,Brooklyn,11204,66-05 108th St,Forest Hills,11375,342800226607,800000092682,,
The Cheder School ,,129 Elmwood Ave,Brooklyn,11230,129 Elmwood Ave,Brooklyn,,332000229460,800000044228,21655,THE CHEDER SCHOOL
The Hebrew Academy ,,315 N Main St,New City,10956,315 N Main St,New City,,500101229658,800000039322,,HEBREW ACADEMY-OHR MENACHEM CHABAD
The Leffell School - Lower School ,,30 Dellwood Rd,White Plains,10605,30 Dellwood Rd,White Plains,,662200217210,800000034862,75036,The Leffell School
The Leffell School - Upper School  ,,555 W Hartsdale Ave,Hartsdale,10530,555 W Hartsdale Ave,Hartsdale,,660407229899,800000055928,75685,LEFFELL SCHOOL (THE)
The SAM School ,SAM,7 E 96 St,New York,10128,7 East 96th Street,New York,10128,310200226718,800000093343,2052,SEPHARDIC ACADEMY OF MANHATTAN
The SAM School ,,148 E 74th St,New York,10021,148 E 74th St,New York,10021,310200226795,800000093778,,
The Shefa School ,,40 E 29th St,New York,10016,17 W 60th St,New York,,310300226157,800000083563,2031,THE SHEFA SCHOOL
The Skill Building Center ,,984 Haverstraw Rd,Monsey,10901,984 Haverstraw Rd,Suffern,,500401225490,800000059456,,SKILL BUILDING CENTER (THE)
Tiferes Bais Yaakov ,,667 New Hempstead Rd,Spring Valley,10977,116 College Rd,Monsey,10952,500402226801,800000093797,,
Tiferes Bais Yaakov ,,667 New Hempstead Rd,Spring Valley,10977,334 Spook Rock Rd,Suffern,10901,500401226671,800000093018,,
Tiferes Miriam School For Girls ,,6510 17th Ave,Brooklyn,11204,6510 17th Ave,Brooklyn,,332000229319,800000044235,20784,TIFERES MIRIAM H.S.
Tiferes Mordechai Center For Integrated Learning ,,16 Sumner Pl,Queens,11206,75-24 Grand Central Pkwy,Queens,,331400226143,800000080517,14646,CENTER FOR INTEGRATED LEARNING
Tiferes Torah Institute ,,84-15 Abingdon Rd,Queens,11415,122-31 Metropolitan Ave,Queens,11415,342800225317,800000059248,28874,TIFERES TORAH INSTITUTE
Tiferes Yisroel ,,30 Brockton Rd,Monsey,10977,4 N Main St,Spring Valley,,500402226164,800000083803,,CONGREGATION TIFERES YISROEL
Tiferet Torah ,,2 Fosse Court,Monsey,10952,996 Haverstraw Rd,Suffern,,500401226453,800000090894,,TIFERET TORAH
Tomer Dvora Elementary ,,4500 9th Ave,Brooklyn,11220,4500 9th Ave,Brooklyn,,332000226935,800000044303,15734,TOMER DVORA SCHOOL
Tomer Dvora High School ,,5801 16th Ave,Brooklyn,11204,5801 16th Ave,Brooklyn,,332000227945,800000044300,20770,TOMER DVORAHIGH SCHOOL
Torah Academy for Girls ,TAG,444 Beach 6th St,Queens,11691,444 Beach 6th Street,Queens,11691,342700227924,800000042840,27739,TORAH ACADEMY FOR GIRLS ELE. SCHOOL
Torah Academy for Girls High School ,TAG,636 Lanett Ave,Queens,11691,636 Lanett Avenue,Queens,11691,342700226483,800000042848,27895,TORAH ACADEMY FOR GIRLS HIGH SCHOOL
Torah and Language Academy ,TAL,13401 Rockaway Beach Blvd,Queens,11694,134 01 Rockaway Beach Blvd,Queens,11691,342700226701,800000093179,27081,TORAH AND LANGUAGE ACADEMY
Torah High School of Long Beach ,,205 W Beech St,Long Beach,11561,205 W Beech St,Long Beach,,280300206622,800000049202,,TORAH HIGH SCHOOL LONG BEACH
Torah V Yirah of Boro Park ,,1823 53rd St,Brooklyn,11204,1346 53rd St,Brooklyn,,332000228254,800000044283,20809,UNITED TALMUD BORO-PK
Torah Vodaath High School ,,425 E 9th St,Brooklyn,11218,425 East 9th Street,Brooklyn,11218,332200226937,800000043858,22722,TORAH VODAATH HIGH SCHOOL
United Lubavicher Yeshiva Annex ,,885 Eastern Pkwy,Brooklyn,11213,885 Eastern Pkwy,Brooklyn,,331700226705,800000093185,17081,UNITED LUBAVITCH YESHIVA
United Lubavitcher Yeshiva ,,570 Crown St,Brooklyn,11213,570 Crown St,Brooklyn,,331700229397,800000044771,17720,UNITED LUBAVITCHER YESHIVA
United Talmudical Aca-boys HS ,,214 Maple Ave,Monsey,10952,214 Maple Ave,Monsey,10952,500402226280,800000089403,,
United Talmudical Academy - Boys ,,P.O. Box 188,Monsey,10952,106 S Madison Ave,Spring Valley,10977,500402226545,800000063431,,
United Talmudical Academy ,,82 Lee Ave,Brooklyn,11211,75 Ross St,Brooklyn,,331400226332,800000044617,14761,UNITED TALMUDICAL ACADEMY
United Talmudical Academy ,,P.O. Box 188,Monsey,10952,89 S Main St,Spring Valley,,500402228423,800000039013,,UTA
United Talmudical Academy ,,415 Viola Rd,Spring Valley,10977,415 Viola Rd,Spring Valley,10977,500402226252,800000088546,,
United Talmudical Academy 110 ,,110 Throop Ave,Brooklyn,11206,110 Throop Ave,Brooklyn,,331400226342,800000045078,14705,UNITED TALMUDICAL ACADEMY
United Talmudical Academy 125 ,,125 Heyward St,Brooklyn,11206,125 Heyward St,Brooklyn,,331400226354,800000045079,14965,UNITED TALMUDICAL ACADEMY
United Talmudical Academy 128 ,UTA,128 Rutledge St,Brooklyn,11211,128 Rutledge St,Brooklyn,,331400226464,800000045070,14647,United Talmudical Academy
United Talmudical Academy 212 ,,212 Williamsburg St E,Brooklyn,11211,212 Williamsburg St East,Brooklyn,,331400226355,800000045072,14745,UTA/ BETH RACHEL SCHOOL FOR GIRLS
United Talmudical Academy 25 ,,25 Waverly Ave,Brooklyn,11205,25 Waverly Ave,Brooklyn,,331300226540,800000092314,13072,United Talmudical Academy 25
United Talmudical Academy 590 ,,590 Bedford Ave,Brooklyn,11249,590 Bedford Ave,Brooklyn,,331400226362,800000045071,,UTA - 590
United Talmudical Academy 656 ,,656 Willoughby Ave,Brooklyn,11206,656 Willoughby Ave,Brooklyn,,331600226373,800000085215,,UTA 656
United Talmudical Academy 741 ,,82 Lee Ave,Brooklyn,11211,741 Flushing Ave,Brooklyn,11206,331400226802,800000093806,,
United Talmudical Academy Boro Park III ,,1275 36th St,Brooklyn,11218,1275 36th St,Brooklyn,,331500226334,800000090360,15009,UTA BORO PARK III
UTA of Kiryas Joel - Atzei Chaim ,,55 Forest Rd-3rd Fl,Monroe,10950,13 Rimenov Court,Monroe,10950,441202226258,800000040301,,
UTA of Kiryas Joel - Bais Rachel ,,55 Forest Rd-3rd Fl,Monroe,10950,7 Isreal Zupnick Dr,Monroe,10950,441202226255,800000040299,,
UTA of Kiryas Joel - Goldberger Boys ,,55 Forest Rd-3rd Fl,Monroe,10950,10 Ratzfer Way,Monroe,10950,441202226232,800000088048,,
UTA of Kiryas Joel - Goldstein Boys ,,8 Rimenev Ct,Monroe,10950,8 Rimenev Ct,Monroe,10950,441202226690,800000093036,,
UTA of Kiryas Joel - Kahan ,,7 Kahan Dr,Monroe,10950,7 Kahan Dr,Monroe,10950,441202226544,800000092312,,
UTA of Kiryas Joel - Klein Boys ,,14 Ratzfert Way,Monroe,10950,14 Ratzfert Way,Monroe,10950,441202226691,800000093035,,
UTA of Kiryas Joel - Koznits ,,55 Forest Rd-3rd Fl,Monroe,10950,16 Koznitz Dr,Monroe,10950,441202226265,800000040300,,
UTA of Kiryas Joel - Markowitz Boys ,,55 Forest Rd-3rd Fl,Monroe,10950,16a Getzel Berger Blvd,Monroe,10950,441202226257,800000040304,,
UTA of Kiryas Joel - Markowitz Girls ,,55 Forest Rd-3rd Fl,Monroe,10950,5a Israel Zupnick Dr,Monroe,10950,441202226256,800000040305,,
UTA of Kiryas Joel - Mb ,,55 Forest Rd-3rd Fl,Monroe,10950,16 Getzel Berger Blvd,Monroe,10950,441202226269,800000088844,,
UTA of Kiryas Joel - Paradise ,,55 Forest Rd-3rd Fl,Monroe,10950,5 Israel Zupnick Dr,Monroe,10950,441202226261,800000088623,,
UTA of Kiryas Joel - Talmud Torah ,,55 Forest Rd-3rd Fl,Monroe,10950,18 Getzel Berger Blvd,Monroe,10950,441202226254,800000088624,,
UTA of Kiryas Joel - WP ,,55 Forest Rd-3rd Fl,Monroe,10950,6 Rimenov Court,Monroe,10950,441202226259,800000040303,,
UTA of Kiryas Joel-karlsburg ,,20 Karlsburg Rd,Monroe,10950,20 Karlsburg Rd,Monroe,10950,441202226756,800000093553,,
Viznitzer Chaider Tiferes Yisroel ,,1424 43rd St Apt 1A,Brooklyn,11219,1416 43rd St,Brooklyn,,332000229673,800000044223,20764,VIZNITZER CHAIDER TIFERES YISROEL
Westchester Day School ,WDS,856 Orienta Ave,Mamaroneck,10543,856 Orienta Ave,Mamaroneck,,660701227125,800000035387,,WESTCHESTER DAY SCHOOL
Westchester Hebrew High School ,WHHS,856 Wchester Ave,Mamaroneck,10543,856 Orienta Ave,Mamaroneck,,660701227842,800000035388,,WESTCHESTER HEBREW HIGH SCHOOL
Westchester Torah Academy ,WTA,150 Stratton Rd,New Rochelle,10804,150 Stratton Rd,New Rochelle,,661100226120,800000076295,,WESTCHESTER TORAH ACADEMY
Yad Yisroel School ,,2555 Nostrand Ave,Brooklyn,11210,2555 Nostrand Ave,Brooklyn,,332200226215,800000086567,22004,YAD YISROEL SCHOOL
Yaldeinu School ,,1600 63rd St,Brooklyn,11204,1600 63rd St,Brooklyn,,331500995639,800000060480,20017,
Yeshiva & Mesifta Viznitz ,,1231 51st St,Brooklyn,11219,1231 51st St,Brooklyn,,332000226101,800000074915,,Yeshiva and Mesivta Wiznitz of USA
Yeshiva & Mesifta Vyoel Moshe-seagat ,,5301 14th Ave,Brooklyn,11219,3803 Nautilus Ave,Brooklyn,11224,332100226333,800000090361,,
Yeshiva & Mesivta Arugath Habosem ,,40 Lynch St,Brooklyn,11206,40 Lynch St,Brooklyn,,331400226955,800000045249,14724,YESH. MESIVTA ARUGATH HABOSEM
Yeshiva & Mesivta Tiferes Yisroel ,,1271 E 35th St,Brooklyn,11210,1271 East 35th Street,Brooklyn,11210,332200229143,800000043819,22775,YESHIVA TIFERES YISROEL HIGH SCHOOL
Yeshiva Ahavath Israel-Bnos Visnitz ,,P.O. Box 446,Monsey,10952,20 Ashel Ln,Monsey,,500402227589,800000039025,,YESHIVA AHAVATH ISRAEL-BNOS VISNITZ
Yeshiva Ahavath Israel-haines Rd ,,P.O. Box 446,Monsey,10952,165 Haines Rd,Bedford Hills,10507,660102226368,800000084783,,
Yeshiva Avir Yaakov ,,766 N Main St,New Square,10977,15 Roosevelt Ave,Spring Valley,,500402229520,800000039007,,YESHIVA AVIR YAAKOV
Yeshiva Bais Chaya Esther ,,119 Webster Ave,Brooklyn,11230,119 Webster Avenue,Brooklyn,11230,332200226066,800000043736,20769,YESHIVA BAIS CHAYA ESTHER
Yeshiva Bais Chaya Esther ,,1305 Ave R,Brooklyn,11229,1305 Ave R,Brooklyn,,332200226423,800000067251,22058,BAIS CHAYA ESTHER HIGH SCHOOL
Yeshiva Bais Hachinuch ,,P.O. Box 991,Spring Valley,10977,50 S Main St,Spring Valley,,500402209903,800000055998,,YESHIVA BAIS HACHINUCH
Yeshiva Bais Meir ,,9517 Ave J,Brooklyn,11236,1327 38th St,Brooklyn,,331800229152,800000044579,,Bais Meir
Yeshiva Beis Chaya Mushka ,,755 Eastern Pkwy,Brooklyn,11213,755 Eastern Pkwy,Brooklyn,11213,331700226767,800000093565,,
Yeshiva Beth David ,,P.O. Box 136,Monsey,10952,22 W Maple Ave,Monsey,,500402227455,800000039039,,YESHIVA BETH DAVID
Yeshiva Beth Hamedrash Shaarei Yosher ,,4102 16th Ave,Brooklyn,11204,4102 16th Ave,Brooklyn,,332000227460,800000044296,,Yeshiva and Beth  Hamedrash Shaarei Yosher
Yeshiva Beth Hillel of Krasna ,,4315 16th Ave,Brooklyn,11219,4315 16th Ave,Brooklyn,,332000227219,800000044294,20613,YESHIVA BETH HILLEL OF KRASNA_2
Yeshiva Beth Hillel of Williamsburg ,,35 Williamsburg St W,Brooklyn,11249,35 Hewes St,Brooklyn,,331400229052,800000045233,14613,YESHIVA BETH HILLEL OF WILLIAMSBURG
Yeshiva Beth Joseph Zvi Dushinsky ,,576 Wythe Ave Apt 8B,Brooklyn,11219,4315 16th Ave,Brooklyn,,331500229996,800000057612,,Yeshiva Beth Joseph Zvi Dushinsky
Yeshiva Beth Mikroh ,,221 Viola,Monsey,10952,221 Viola Rd,Monsey,,500402229080,800000039019,,YESHIVA BETH MIKROH
Yeshiva Birchas Hatorah ,,4 Whitefield Rd,Spring Valley,10977,244 Route 306,Monsey,10952,500402226778,800000093697,,
Yeshiva Birchas Mesivta Tiferes Shmuel ,,1418 Ave L,Brooklyn,11230,1214 East 15th Avenue,Brooklyn,11230,332200229911,800000056051,21664,YESHIVA BIRCHAS SHMUEL
Yeshiva Birchas Moshe ,,1676 61st St,Brooklyn,11204,1676 61st St,Brooklyn,,332000226508,800000091853,20021,YESHIVA BIRCHAS MOSHE
Yeshiva Bnei Torah ,,1571 55th St,Brooklyn,11219,1571 55th St,Brooklyn,,332000226199,800000085866,20011,CONGREGATION YESHIVA BNEI TORAH
Yeshiva Bnos Ahavas Israel - Boys ,,12 Franklin Ave,Brooklyn,11249,2 Lee Ave,Brooklyn,,331400226942,800000045262,14800,YESHIVA AHAVAS ISRAEL
Yeshiva Bnos Ahavas Israel - Girls ,,12 Franklin Ave,Brooklyn,11249,12 Franklin Ave,Brooklyn,,331400226363,800000045263,14800,Yeshiva Bnos Ahavas Israel (Girls)
Yeshiva Bnos Spinka ,,127 Wallabout St,Brooklyn,11206,127 Wallabout St,Brooklyn,,331400229318,800000045236,,Yeshiva Bnos Spinka
Yeshiva Chanoch Lenaar  ,,440 Crown St,Brooklyn,11213,876-828 Eastern Pkwy,Brooklyn,,331700226582,800000092377,,Chanoch Lennar
Yeshiva Chsan Sofer ,,1876 50th St,Brooklyn,11204,1876 50th St,Brooklyn,,332000226948,800000055831,20737,YESHIVA CHSAN SOFER
Yeshiva D'Kiryas Pupa High School ,,P.O. Box 501,Millwood,10546,340 Illington Rd,Ossining,,661401226398,800000035052,,YESHIVA KEHILATH YAKOV
Yeshiva D'Nitra ,,841 Madison St,Brooklyn,11221,841 Madison St,Brooklyn,,331600226483,800000091393,,
Yeshiva Darchai Menachem ,,432 Rutland Rd,Brooklyn,11203,432 Rutland Rd,Brooklyn,,331700229949,800000056559,17894,DARCHAI MENACHEM SCH.FOR BOYS
Yeshiva Darchei Torah ,,257 Beach 17th St,Queens,11691,257 Beach 17th St,Queens,11691,342700227891,800000042839,27776,YESHIVA DARCHEI TORAH
Yeshiva Darkei Chaim ,,1621 61st St,Brooklyn,11204,1621 61st St,Brooklyn,,332000226501,800000091726,20024,Congregation Yeshiva Darkei Chaim
Yeshiva Darkei Emunah ,,P.O. Box 1092,Spring Valley,10977,201 Rte 306,Monsey,,500402995550,800000059913,,YESHIVA DARKEI EMUNAH
Yeshiva Darkei Emunah Bnos Binah ,,52 S Main St,Spring Valley,10977,52 S Main St,Spring Valley,10977,500402226510,800000091878,,
Yeshiva Degel Hatorah ,,P.O. Box 213,Spring Valley,10977,111 Maple Ave,Spring Valley,,500402229165,800000039009,,YESHIVA DEGEL HATORAH
Yeshiva Derech Hatorah ,YDH,2810 Nostrand Ave,Brooklyn,11229,2810 Nostrand Ave,Brooklyn,,332200228580,800000043843,22810,YESHIVA DERECH HATORAH
Yeshiva Derech Hatorah of Monsey ,,4 Kim Ln,Monsey,10977,244 Route 306,Monsey,,500402226512,800000091883,,YESHIVA DERECH HATORAH OF MONSEY
Yeshiva Farm Settlement D'Nitra ,,194 Division Ave,Brooklyn,10549,60-A Tora Rd,Mount Kisco,,662402228667,800000035718,,YESHIVA FARM SETTLEMENT 
Yeshiva Gedolah of South Monsey ,,260 Saddle River Rd,Monsey,10952,260 Saddle River,Airmont,,500402229549,800000038992,,YESHIVA GEDOLAH OF SOUTH MONSEY
Yeshiva Gedolah Ohr Yisroel ,,8800 Seaview Ave,Brooklyn,11236,8800 Seaview Ave,Brooklyn,,331800225971,800000055809,,Yeshiva Gedolah Ohr Yisroel
Yeshiva Har Torah ,YHT,250-10 Grand Central Pkwy,Queens,11418,250-10 Grand Central Pkw,Queens,,342600229198,800000043017,26700,YESHIVA HAR TORAH
Yeshiva Har Torah ,,54-27 Little Neck Pkwy,Queens,11362,54-27 Little Neck Pkwy,Queens,,342600226695,800000093112,26044,YESHIVA HAR TORAH - BELLROSE
Yeshiva High School of Monsey ,,91 College Rd,Monsey,10952,91 College Rd,Monsey,10952,500402228999,800000039017,,YESHIVA HIGH SCHOOL OF MONSEY
Yeshiva Imrei Yosef Spinka ,,5801 15th Ave,Brooklyn,11219,5801 15th Ave,Brooklyn,,332000228769,800000044277,15706,YESHIVA IMREI YOSEF SPINKA
Yeshiva Jesode Hatorah ,,195 Wilson St,Brooklyn,11211,195 Wilson St ,Brooklyn,,331400226138,800000063151,14802,YESHIVA YESODAH HATORAH
Yeshiva Karlin Stolin ,,1818 54th St,Brooklyn,11204,1818 54th St,Brooklyn,,332100226952,800000044058,21720,YESHIVA KARLIN STOLIN
Yeshiva Kehilath Yakov - Boys ,,206 Wilson St,Brooklyn,11211,3801 Ft Hamilton Pkwy,Brooklyn,11249,331500229665,800000044222,15089,YESHIVA KEHILATH YAKOV
Yeshiva Kehilath Yakov ,,163 Imlay St,Brooklyn,11211,206-212 Wilson St,Brooklyn,,331400226953,800000045264,14706,YESHIVA KEHILATH YAKOV
Yeshiva Kehilath Yakov Imlay ,,163 Imlay St,Brooklyn,11231,163 Imlay St ,Brooklyn,,331500226351,800000083403,15011,YESHIVA KEHILATH YAKOV IMLAY
Yeshiva Ketana of Bensonhurst ,,2025 67th St,Brooklyn,11204,2025 67th St,Brooklyn,,332000225654,800000043801,20866,YESHIVA KETANA OF BENSONHURST
Yeshiva Ketana of Long Island ,,321 Doughty Blvd,Inwood,11096,321 Doughty Blvd,Inwood,11096,280215229558,800000049515,75890,Yeshiva Ketana of Long Island
Yeshiva Ketana of Manhattan ,YKOM,346 W 89th St,New York,10024,346 W 89th St,New York,,310300229121,800000047362,3755,YESHIVA KETANA OF MANHATTAN
Yeshiva Ketana of Queens ,,78-15 Parsons Blvd,Queens,11366,78-15 Parsons Blvd,Queens,,342500229646,800000043140,25661,YESHIVA KETANA OF QUEENS
Yeshiva Ketana of Staten Island ,,4024 Amboy Rd,Staten Island,10308,2734 Victory Blvd,Staten Island,,353100226643,800000092705,31173,YESHIVA KETANA OF STATEN ISLAND
Yeshiva Ketana Satmar BP ,,1274 49th St-ste 34,Brooklyn,11219,1364 52nd St,Brooklyn,11219,332000206754,800000093545,,
Yeshiva Ketana Satmar KJ ,,P.O. Box 561,Monroe,10949,148 Windsor Hwy,New Windsor,12553,441600226731,800000093348,,
Yeshiva Ketana Toldos Yakov Yosef ,,87 Heyward St,Brooklyn,11206,87 Heyward St,Brooklyn,,331400226791,800000093753,,
Yeshiva Ketana Toras Chaim ,,3 Wren St,Chestnut Ridge,10977,681 Chestnut Ridge Rd-bldg 1 Wing B,Chestnut Ridge,10977,500402226460,800000091336,,
Yeshiva Kinyan Torah ,,65 College Rd,Monsey,10952,65 College Rd,Monsey,10952,500402226168,800000083923,,
Yeshiva Kol Torah ,,23 Donahue Ave,Inwood,11096,23 Donahue Ave,Inwood,11691,280215226579,800000092329,,YESHIVA KOL TORAH-FIVE TOWNS-FAR ROC
Yeshiva Machzikei Hadas  2 ,,1224 50th St,Brooklyn,11219,1224 50th St,Brooklyn,,332000226678,800000093023,20055,YESHIVA MACHZIKEI HADAS 2
Yeshiva Machzikei Hadas  3 ,,54 Ave O,Brooklyn,11204,54 Ave O,Brooklyn,,332000226668,800000093043,20041,YESHIVA MACHZIKEI HADAS 3
Yeshiva Machzikei Hadas ,,1601 42nd St,Brooklyn,11204,1247 38th St,Brooklyn,,331500228439,800000044287,15061,YESHIVA MACHZIKEI HADAS
Yeshiva Me'on Hatorah ,,P.O. Box 428,Monsey,10952,17 N Airmont Rd,Suffern,,500401226093,800000073973,,CONGREGATION YESHIVAS MEON HATORAH
Yeshiva Merkaz Hatorah of Staten Island ,RJJ,400 Caswell Ave,Staten Island,10308,4240 Amboy Rd,Staten Island,10308,353100227999,800000041880,31737,RABBI JACOB JOSEPH SCHOOL
Yeshiva Mishkan Aharon ,,61 Horton Dr,Monsey,10952,681 Chestnut Ridge Rd-bldg 13,Chestnut Ridge,10977,500402226761,800000093558,,
Yeshiva Ner Torah ,,28 Ivy Ln,Spring Valley,10977,58 Parker Blvd,Spring Valley,10977,500402226301,800000089595,,YESHIVA NER TORAH
Yeshiva Nesivos Chaim ,,P.O. Box 180399,Brooklyn,11218,221 Ave F,Brooklyn,,332000229839,800000044213,20874,YESHIVA NESIVAS CHAIM
Yeshiva of Bobov Monsey ,,88 Grove St,Monsey,10952,88 Grove St,Monsey,10952,500402226275,800000089263,,
Yeshiva of Brooklyn - Boys ,,1200 Ocean Pkwy,Brooklyn,11230,1200 Ocean Pkwy,Brooklyn,,332100226404,800000043972,21735,YESHIVA OF BROOKLYN BOYS
Yeshiva of Brooklyn Boys ,,1470-74 Ocean Pky,Brooklyn,11230,1200 Ocean Parkway,Brooklyn,,332100226947,800000044057,21765,YESHIVA OF BROOKLYN GIRLS HIGH SCHOOL
Yeshiva of Central Queens ,YCQ,147-37 70th Rd And 150th,Queens,11367,147-37 70th Rd,Queens,11367,342500227011,800000043148,25765,YESHIVA OF CENTRAL QUEENS
Yeshiva of Far Rockaway High School ,,802 Hicksville Rd,Queens,11691,802 Hicksville Road,Queens,11691,342700207577,800000042843,27800,Yeshiva Of Far Rockaway
Yeshiva of Great Neck ,,175 Community Drive,Manhasset,11030,175 Community Dr,Great Neck,,280406226655,800000092837,,MESIVTA OF GREAT NECK
Yeshiva of Greater Monsey ,,677 New Hempstead Rd,Monsey,10977,667 New Hempstead Rd,New Hempstead,,500402226086,800000071294,,CONG YESHIVA OF GREATER MONSEY INC
Yeshiva of Kasho ,,101 Spencer St,Brooklyn,11205,101 Spencer St,Brooklyn,,331300226204,800000085964,,YESHIVA OF KASHO
Yeshiva of Kings Bay ,,2611 Ave Z,Brooklyn,11235,2611 Ave Z,Brooklyn,,332200226954,800000043859,22727,YESHIVA OF KINGS BAY
Yeshiva of Spring Valley - Boys ,,121 College Rd,Monsey,10901,121 College Rd,Suffern,,500402226477,800000039031,,YESHIVA OF SPRING VALLEY
Yeshiva of Spring Valley - Girls ,,142 Grandview Ave,Monsey,10952,142 Grandview Ave,Monsey,,500402226231,800000038929,,YESHIVA OF SPRING VALLEY-GIRLS DIV
Yeshiva of Staten Island ,MTJ,1870 Drumgoole Rd,Staten Island,10309,1870 Drumgoole Rd,Staten Island,,353100226360,800000090334,,Mesivtha Tifereth Jerusalem
Yeshiva of Telshe Alumni ,,4904 Independence Ave,Bronx,10471,4904 Independence Ave,Bronx,10471,321000228919,800000046109,,Yeshiva Of Telshe Alumni
Yeshiva Ohavei Torah ,,450 W 250th St,Bronx,10471,450 West 250 Street,Bronx,10471,321000229709,800000046110,10651,YESHIVA OHAVEI TORAH
Yeshiva Oholei Shem Dnitra ,,50 Commerce St,Spring Valley,10977,50 Commerce St,Spring Valley,10977,500402226206,800000085972,,
Yeshiva Ohr Reuven - Elementary ,,259 Grandview Ave,Suffern,10901,259 Grandview Avenue,Suffern,10901,500401229597,800000038994,,YESHIVA OHR REUVEN-ELEMENTARY
Yeshiva Ohr Torah ,,360 Rte 306,Monsey,10952,360 Rte 306,Monsey,10952,500402226150,800000082623,,
Yeshiva Ohr Yisrael ,,2940 Ave P,Brooklyn,11229,2961 Nostrand Ave,Brooklyn,11229,332200226125,800000076733,22772,YESHIVA OHR YISRAEL
Yeshiva Ohr Yoseph ,,1128   36th St,Brooklyn,11218,1128 36th St,Brooklyn,,332200226572,800000092296,15090,YESHIVA OHR YOSEPH
Yeshiva Prep ,,49 Ave T,Brooklyn,11223,49 Ave T,Brooklyn,,332100229424,800000044005,21668,YESHIVA PREP HIGH SCHOOL
Yeshiva R'tzahd ,,82-52 Abington Rd,Queens,11375,82-33 Lefferts Blvd,Queens,,342800227500,800000044574,28003,YESHIVA R'TZAHD
Yeshiva Rabbi Chaim Berlin ,,1310 Ave I,Brooklyn,11230,1310 Ave I,Brooklyn,,332100226958,800000044059,21724,YESHIVA RABBI CHAIM BERLIN
Yeshiva Rabbi Samson Raphael Hirsch ,YRSRH,100 Bennett Ave,New York,10033,85-93 Bennett Ave,New York,,310600226845,800000046958,6710,RABBI S.R. HIRSCH YESH
Yeshiva Rachmistrivka ,,5 Monroe Ln-unit 201,Chestnut Ridge,10977,244 Rt 306,Monsey,10952,500402226750,800000093539,,
Yeshiva Rlkti Primary ,,8011 210th St,Queens,11427,80-11 210th St,Queens,,342900226050,800000069475,26754,YESHIVA ACADEMY OF SOUTH QUEENS
Yeshiva Shaar Ephraim ,,P.O. Box 253,Monsey,10952,5 Acer Ct,Monsey,,500402229528,800000039008,,YESHIVA SHAAR EPHRAIM
Yeshiva Shaar Hatorah ,,117-06 84th Ave,Queens,11418,117-06 84th Ave,Queens,,342700228139,800000042826,27803,YESHIVA SHAAR HATORAH HIGH SCHOOL
Yeshiva Shefa Chaim ,,34-36 Montebello Rd,Suffern,10901,34-36 Montebello Rd,Suffern,10901,500401226730,800000090770,,
Yeshiva Tiferes Bunim ,,5202 13th Ave,Brooklyn,11219,5202 13th Ave,Brooklyn,,332000228797,800000044267,20810,YESHIVA TIFERES BUNIM
Yeshiva Tiferes Elimelech ,,1650 56th St,Brooklyn,11204,1650 56th St,Brooklyn,,332200228584,800000043844,20816,YESHIVA TIFERETH ELIMELECH
Yeshiva Tiferes Moshe ,,83-06 Abingdon Rd,Queens,11415,8306 Abingdon Road,Queens,,342800227222,800000042646,28743,YESHIVA TIFERETH MOSHE
Yeshiva Tiferes Moshe ,,83-06 Abingdon Rd,Queens,11415,82-61 Beverly Rd,Queens,11415,342800226804,800000093812,28743,YESHIVA TIFERETH MOSHE
Yeshiva Tiferes Shmiel ,,P.O. Box 190738,Brooklyn,11219,6100 17 Ave,Brooklyn,11219,332000229420,800000044242,,Yeshiva Tiferes Shmiel
Yeshiva Tiferes Shmuel ,,282 Spook Rock Rd,Suffern,10901,282 Spook Rock Rd,Suffern,10901,500401226202,800000085966,,
Yeshiva Tiferes Torah of Monsey ,,244 Ny-306,Monsey,10952,244 Ny-306,Monsey,10952,500402226773,800000093692,,
Yeshiva Toldos Yesuscher ,,1531 63rd St,Brooklyn,11219,1536 62nd St,Brooklyn,,332000226225,800000087303,20891,YESHIVA TOLDOS YESUSCHER
Yeshiva Torah Vodaath ,YTV,452 E 9th St,Brooklyn,11218,452 E 9th St,Brooklyn,,332200226964,800000043846,22721,YESHIVA TORAH VODAATH
Yeshiva Toras Chaim - South Shore ,,413 Serena Rd,Hewlett,11557,413 Serena Rd,Hewlett,11557,280214226401,800000090384,,
Yeshiva Toras Chaim of South Shore ,YOSS,1170 William St,Hewlett,11557,1170 William St,Hewlett,11557,280214226497,800000049532,75758,YESHIVA TORAS CHAIM OF SOUTH SHORE
Yeshiva Toras Chaim South Shore 2 ,YOSS,1170 William St,Hewlett,11557,1170A William St,Hewlett,,280214226407,800000049507,,YESHIVA TORAS CHAIM - SOUTH SHORE 2
Yeshiva Toras Emes Kamenitz ,,1904 Ave N,Brooklyn,11230,1904 Avenue N,Brooklyn,,332200226966,800000043832,22769,MESIVTA TORAS EMES GROSS HIGH SCHOOL
Yeshiva Toras Emes Kamenitz ,YTEK,1904 Ave N,Brooklyn,11230,1904 Avenue N,Brooklyn,,332200226920,800000043856,22769,MESIVTA TORAS EMES GROSS HIGH SCHOOL
Yeshiva TYY Skver ,,25 Allik Way,New Square,10977,100 Seymour Hirshman,Monticello,12701,591401226648,800000092742,,
Yeshiva Tzemach Tzadik Viznitz ,,186 Ross St # 88,Brooklyn,11211,186-88 Ross St,Brooklyn,,331400229425,800000045230,14636,YESHIVA TZEMACH TZADICK
Yeshiva Tzoin Yosef Pupa ,,P.O. Box 978,Monsey,10952,15 Widman Court,Spring Valley,10977,500402229325,800000039000,,YESHIVA TZOIN YOSEF
Yeshiva University High School ,YUHS,2540 Amsterdam Ave,New York,10033,2540 Amsterdam Ave,New York,,310500206847,800000047098,6716,YESHIVA UNIVERSITY HIGH SCHOOL BOYS
Yeshiva University High School for Girls ,YUHS,86-86 Palo Alto St,Queens,11423,86-86 Palo Alto St,Queens,,342900226848,800000042417,29805,SAMUEL H. WANG YESHIVA
Yeshiva Viznitz ,,4656 Rt 42,Kiamesha Lake,12751,251 Barnes Blvd,Kiamesha Lake,12751,591401226714,800000093357,,
Yeshiva Vyelipol ,,860 E 27th St,Brooklyn,11210,860 E 27th St,Brooklyn,11210,332200229475,800000043811,22765,YESHIVA VYELIPOL
Yeshiva Yagdil Torah ,,5110 18th Ave,Brooklyn,11204,5110 18th Ave,Brooklyn,,332000227463,800000044297,20765,YESHIVA YAGDIL TORAH
Yeshiva Yesode Hatorah ,,1350 50th St,Brooklyn,11219,1350 50th St,Brooklyn,,332000228236,800000044279,20845,YESHIVA YESODE HATORAH
Yeshiva Yesode Hatorah ,,620 Bedford Ave,Brooklyn,11249,620 Bedford Ave,Brooklyn,11249,331400206969,800000045268,14701,YESHIVA YESODE HATORAH
Yeshiva Zera Yakov ,,P.O. Box 134,Monsey,10952,101 W Carlton Rd,Suffern,10901,500401226326,800000089941,,
Yeshiva Zichron Mayir ,,P.O. Box 145,Mountaindale,12763,5 Ronald Tawil Way,Mountain Dale,12763,590501226115,800000075917,,YESHIVA ZICHRON MAYIR
Yeshivah of Flatbush Elementary School ,YOF,919 E 10th St,Brooklyn,11230,919 E 10th St,Brooklyn,,332100227684,800000044049,21850,YESHIVAH OF FLATBUSH ELEMENTARY SCHOOL
Yeshivah of Flatbush High School ,YOF,1609 Ave J,Brooklyn,11230,1609 Ave J,Brooklyn,11230,332200206950,800000043835,22726,YSH OF FLATBUSH J BRAVERMAN HIGH SCHOOL
Yeshivah Ohel Moshe ,,7914 Bay Pkwy,Brooklyn,11214,7914 Bay Pky,Brooklyn,,332000226957,800000044291,20738,YESHIVA OHEL MOSHE
Yeshivah Prep High School ,,1412 Ave J,Brooklyn,11230,1520 Avenue J - E16 Street Entrance,Brooklyn,11223,332100226392,800000090320,21668,YESHIVA PREP HIGH SCHOOL
Yeshivas Boyan ,,1205 44th St,Brooklyn,11219,1205 44th St,Brooklyn,,331500228921,800000045046,20778,YESHIVA BOYAN
Yeshivas Novominsk Kol Yehuda ,,1690 60th St,Brooklyn,11204,1690 60th St,Brooklyn,,332000228904,800000044270,20710,YESHIVA NOVOMINSK-KOL YEHUDA
Yeshivas Ohr Reuven ,,259 Grandview Ave,Suffern,10901,259 Grandview Avenue,Suffern,10901,500401229393,800000039128,,YESHIVAS OHR REUVEN
Yeshivas Sanz ,,988 Post Ave,Staten Island,10302,988 Post Ave,Staten Island,,353100226610,800000092681,31129,YESHIVA SANZ
Yeshivat Ateret Torah ,,901 Quentin Rd,Brooklyn,11223,901 Quentin Road,Brooklyn,11223,332100228530,800000044056,21806,YESHIVAT ATERET TORAH SCHOOL
Yeshivat Bitahon ,,1649 E 13th St,Brooklyn,11229,1649 E 13th St,Brooklyn,,332100226510,800000042849,21741,YESHIVA OF BELLE HARBOR
Yeshivat Bnei Torah ,,147-22 73rd Ave,Flushing,11367,147-22 73rd Ave,Flushing,11367,342500226765,800000093563,,
Yeshivat Darchei Eres Boys HS ,YDE,2533 Coney Island Ave,Brooklyn,11223,2533 Coney Island Ave,Brooklyn,,332100226075,800000070451,21698,YESHIVAT DARCHEI ERES HS
Yeshivat Darchei Eres Girls Elementary ,YDE,325 Ave Y Fl 2,Brooklyn,11223,325 Ave Y,Brooklyn,,332100226459,800000091337,21697,YESHIVAT DARCHEI ERES-GIRLS
Yeshivat Darchei Eres Girls HS ,YDE,333 Ave S,Brooklyn,11223,333 Ave S,Brooklyn,,332100226713,800000093358,,
Yeshivat Kinyan Torah ,,2209 Ave R,Brooklyn,11229,2209 Ave R,Brooklyn,,332200226719,800000093355,21108,Yeshivat Kinyan Torah
Yeshivat Kol Yaakov ,,108 Old Mill Rd,Great Neck,11023,108 Old Mill Rd,Great Neck,,280407226329,800000090000,,YESHIVAT KOL YAAKOV
Yeshivat Lev Torah Boys ,,3300 Kings Hwy,Brooklyn,11234,3300 Kings Hwy,Brooklyn,,332200225985,800000065911,22851,YESHIVAT LEV TORAH
Yeshivat Lev Torah Boys High School ,,3300 Kings Hwy,Brooklyn,11234,3300 Kings Hwy,Brooklyn,,332200226440,800000090736,21024,YESHIVAT LEV TORAH HIGH SCHOOL-BOYS
Yeshivat Lev Torah Girls ,,3300 Kings Hwy,Brooklyn,11234,333 Ave X,Brooklyn,,332200226244,800000088147,22061,YESHIVAT LEV TORAH GIRLS
Yeshivat Magen Abraham ,,345 Ave U,Brooklyn,11223,345 Ave U,Brooklyn,,332100225677,800000060757,21788,YESHIVAT MAGEN ABRAHAM
Yeshivat Mekor Haim ,,2710 Ave X,Brooklyn,11235,2611 Ave Z,Brooklyn,,332200226113,800000075773,22706,YESHIVAT MEKOR HAIM
Yeshivat Mekor Haim High School ,,1326 Ocean Pkwy,Brooklyn,11230,1326 Ocean Pkwy,Brooklyn,,332100226486,800000091409,21021,YESHIVAT MEKOR HAIM HS
Yeshivat Ohel Torah ,,2600 Ocean Ave,Brooklyn,11229,2600 Ocean Ave,Brooklyn,,332200226034,800000055815,22785,YESHIVAT OHEL TORAH
Yeshivat Or HaTorah ,,2119 Homecrest Avenue,Brooklyn,11229,2119 Homecrest Ave,Brooklyn,,332100229598,800000044026,21778,YESHIVAT OR HATORAH
Yeshivat Shaare Torah Boys Elementary School ,,1680 Coney Island Ave,Brooklyn,11230,1680 Coney Island Ave,Brooklyn,11230-5808,332100228724,800000034151,21703,SHAARE TORAH SCHOOL (BOYS)
Yeshivat Shaare Torah Girls Elementary School ,,222 Ocean Pkwy,Brooklyn,11218,222 Ocean Parkway,Brooklyn,,331500226080,800000070739,15760,SHAARE TORAH SCHOOL
Yeshivat Shaare Torah High School For Boys ,,1202 Ave P,Brooklyn,11229,1202 Ave P,Brooklyn,,332100226340,800000059902,21530,SHAARE TORAH HIGH SCHOOL
Yeshivat Shaare Torah High School For Girls ,,1768 Ocean Ave,Brooklyn,11230,1768 Ocean Ave,Brooklyn,,332200225638,800000056597,22897,YESHIVAT SHAARE TORAH HIGH SCHOOL FOR GIRLS
Yeshivath Gesher ,,46 Locust Ave,Cedarhurst,11516,46 Locust Ave,Cedarhurst,11516,280215226155,800000083491,,
Yeshivath Ohr Hameir ,,P.O. Box 2130,Cortlandt,10567,141 Furnace Wood Rd,Cortlandt Manor,,660203207620,800000035666,,YESHIVATH OHR HAMEIR
Yeshuos Moshe of Williamsburg ,,77-87 Wallabout St,Brooklyn,11249,77-87 Wallabout St,Brooklyn,11249,331400226240,800000088049,,
Yeshuos Moshe Viznitz ,,50 S Main St,Spring Valley,10977,50 S Main St,Spring Valley,10977,500402226190,800000085304,,
Yesodei Bina ,,1371 46th St,Brooklyn,11219,1371 46th Street,Brooklyn,11219,332000226270,800000088985,20015,YESODEI BINA
Yesodot HaTorah ,,P.O. Box 230392,Brooklyn,11223,1870 Stillwell Avenue,Brooklyn,11223,332100226740,800000093476,,
Yesodot HaTorah Girls High School ,,P.O. Box 230392,Brooklyn,11230,1123 Ave N,Brooklyn,,332100226736,800000093426,,
Yeshiva MH,YMH,29-20 Healy Ave,Queens,11691,29-20 Healy Ave,Queens,11691,342700226439,800000090733,,
Zichron Moshe School ,,P.O. Box 580,South Fallsburg,12779,84 Zichron Moshe Way,Fallsburg,12733,590501227505,800000036673,,
Zichron Moshe School ,,P.O. Box 400,Fallsburg,12733,99 Zichron Moshe Way,Fallsburg,12733,590501226609,800000092680,,
Zichron Shmuel Inc ,,11 Mohawk Ln,Pomona,10970,415 Viola Rd,Spring Valley,10977,500101226782,800000093702,,
Ziv Hatorah ,,1274 49th St Ste 624,Brooklyn,11219,1533 48th St,Brooklyn,11219,332000226805,800000093813,,
Zucker Jewish Academy of Five Towns ,,1000 Rosedale Rd,Valley Stream,11581,1000 Rosedale Rd,Valley Stream,,280224226766,800000093564,,ZUCKER JEWISH ACADEMY-LONG ISLAND
Zucker Jewish Academy of Queens ,ZJA,8606 135th St,Queens,11418,8606 135th St,Queens,,342800226757,800000093554,,ZUCKER JEWISH ACADEMY OF QUEENS
